dataset_doi	dataset_key	dataset_title	dataset_citation	number_records
10.25494/p6/mlpa_kelpforest.9	154d6192-bea0-4bcb-ab58-1c573081591d	Monitoring and Evaluation of Kelp Forest Ecosystems in the MLPA Marine Protected Area Network	Mark H. Carr, Jennifer E. Caselle, Brian N. Tissot, Daniel J. Pondella, Daniel P. Malone, Kathryn D. Koehn, Jeremy T. Claisse, Jonathan P. Williams, Avrey Parsons-Field, & Sean F. Criag. (2024). Monitoring and Evaluation of Kelp Forest Ecosystems in the MLPA Marine Protected Area Network. California Ocean Protection Council Data Repository. doi:10.25494/P6/MLPA_kelpforest.9.	712306
10.15468/82wzir	91641b5c-7afa-4262-9fe0-d22d067ce299	USGS Great Lakes Science Center Research Vessel Catch Information System Trawl	Nelson S, Benson A (2018). USGS Great Lakes Science Center Research Vessel Catch Information System Trawl. Version 1.2. United States Geological Survey. Sampling event dataset https://doi.org/10.15468/82wzir accessed via GBIF.org on 2020-06-16.	158762
10.15468/e92gvx	980a91f0-0752-4b60-a68a-42ed670eaae3	Puget Sound Zooplankton Monitoring Program  (Salish Sea, USA), starting in 2014	Keister J E, Winans A, Herrmann B, Kalata O, Mayorga E (2024). Puget Sound Zooplankton Monitoring Program  (Salish Sea, USA), starting in 2014. Version 1.1. United States Geological Survey. Samplingevent dataset. https://doi.org/10.15468/e92gvx	132219
10.15468/aqbftj	df8e3fb8-3da7-4104-a866-748f6da20a3c	NOAA Deep-Sea Coral Research and Technology Program	National Oceanic and Atmospheric Administration (NOAA), Deep Sea Coral Research and Technology Program (DSCRTP) [2025]. Observations of Deep-Sea Coral and Sponge Occurrences from NOAA's National Database for Deep-sea Corals and Sponges, 1842-Present, version 20250714-0 (NCEI Accession 0145037). [indicate subset used]. NOAA National Centers for Environmental Information. Archived data: https://www.ncei.noaa.gov/archive/accession/0145037. Access portal: https://www.ncei.noaa.gov/maps/deep-sea-corals-portal/.  Accessed [date as YYYY-MM-DD]. Note: Character strings in [bold brackets] should be overwritten with appropriate values and leave out the brackets. Note: Database version can be found in the ‘DatabaseVersion’ variable in the database. https://doi.org/10.15468/aqbftj accessed via GBIF.org on 2025-10-10.	53048
10.15468/vys7gx	0179375d-1189-4ce4-8a1a-cad25b89435d	Reciprocal transplantation experiment of salt marsh sediments Targeted loci	MGnify (2019). Reciprocal transplantation experiment of salt marsh sediments Targeted loci. Sampling event dataset https://doi.org/10.15468/vys7gx accessed via GBIF.org on 2025-09-23.	47090
10.15468/oop2ef	9279192d-9d2b-43bb-af15-1eaf95ec4c8e	Marine Sediment from the Berkeley Bay Targeted Locus (Loci)	MGnify (2019). Marine Sediment from the Berkeley Bay Targeted Locus (Loci). Sampling event dataset https://doi.org/10.15468/oop2ef accessed via GBIF.org on 2025-09-24.	43253
10.15468/dec2m2	fd7167be-cf97-4dff-a151-db071bfde91b	U.S. Virgin Islands Territorial Coral Reef Monitoring Program Database (USVI-TCRMP)		41276
10.15468/u9pypu	9f31bff8-417e-4b3f-8cae-6ee4aa9bc0ee	US East Coast Salt Marshes Targeted Locus (Loci)	MGnify (2019). US East Coast Salt Marshes Targeted Locus (Loci). Sampling event dataset https://doi.org/10.15468/u9pypu accessed via GBIF.org on 2025-09-24.	38120
10.15468/9kkj3e	eef4456e-e582-42a0-8b69-3297e86129ae	Maine Department of Marine Resources Inshore Trawl Survey 2000-2019	Rebecca Peters. Maine Department of Marine Resources Inshore Trawl Survey, 2000 – 2019. 2022. Maine Department of Marine Resources, PO Box 8, West Boothbay Harbor, Maine 04575.	29573
10.15468/heuugg	b3b7d5c4-f73a-475b-a203-c6a1ddd040cd	Puerto Rico Long-Term Coral Reef Monitoring Program Database Compilation	Department of Natural and Environmental Resources of Puerto Rico (2019) Puerto Rico Long-Term Coral Reef Monitoring Program Database Compilation (1999-2019). [indicate subset used]. Ocean Biogeographic Information System. Dataset. https://obis.org/dataset/52f99f08-fc90-4684-aea8-a015150968ea	23863
10.15468/yxt4e4	a050fb15-1ab6-4d29-b444-b7b8ae576499	Puerto Rico Reef Visual Census (RVC) 2016 - 2021	Blondeau J, Formel S (2023). Puerto Rico Reef Visual Census (RVC) 2016 - 2021. Version 1.5. United States Geological Survey. Samplingevent dataset. https://ipt-obis.gbif.us/resource?r=puertoricovisualreefcensus&v=1.5	15941
10.15468/vyglei	aedcba44-1b8c-47e0-ab48-9370e779b6e1	Northeast Area Monitoring and Assessment Program Near Shore Trawl Survey (NEAMAP)	Gauthier D, Benson A (2018). Northeast Area Monitoring and Assessment Program Near Shore Trawl Survey (NEAMAP). United States Geological Survey. Sampling event dataset https://doi.org/10.15468/vyglei accessed via GBIF.org on 2020-06-16.	15541
10.15468/y2bx9c	0082c64d-475d-4853-9c81-3bc71038c816	DFO Quebec Region Mingan Archipelago Icelandic Scallop Survey 1990-2019	Belley R, Boulanger, M-P, Nozères C, Roy V, Sean A-S (2023). DFO Quebec Region Mingan Archipelago Icelandic Scallop survey. Version 1.0. Fisheries and Oceans Canada. Occurrence dataset. https://ipt.iobis.org/obiscanada/resource?r=dfo_que_min_ci&amp;v=1.0	14816
10.15468/hfl0sx	415860c4-137b-4617-9d10-a51885e35491	Rifle sediment bacterial community Targeted Locus (Loci)	MGnify (2019). Rifle sediment bacterial community Targeted Locus (Loci). Sampling event dataset https://doi.org/10.15468/hfl0sx accessed via GBIF.org on 2025-09-23.	13772
10.15468/8c5pvg	fe388907-e2b6-44be-a9cb-a80b3924284c	Northeast Fisheries Science Center Bottom Trawl Survey Data		10974
10.15468/inygc6	040c5662-da76-4782-a48e-cdea1892d14c	International Barcode of Life project (iBOL)	International Barcode of Life project (iBOL)	10830
10.15468/ecj4h6	a55d079d-d792-4aba-91e4-6aa711c4bd36	DATRAS Canadian Maritimes Trawl Survey	International Council for the Exploration of the Sea (ICES), Denmark; (2023): DATRAS Canadian Maritimes Trawl Survey (CAN-MAR).&nbsp;	10791
10.15468/up4gwb	a5105b23-ef9c-4ff7-8d0b-a09104130e29	Eulachon migration bottom trawl surveys	Hodes, V (2021): Eulachon migration bottom trawl surveys. v1. Fisheries and Oceans Canada. Dataset/Samplingevent. http://ipt.iobis.org/obiscanada/resource?r=eulachon_synoptic_surveys&amp;v=1.0	10576
10.15468/nawlft	20e8d7fb-9b3b-43c6-a81d-8ebcd6c0ab11	National Coral Reef Monitoring Program: Assessment of fish communities in the Dry Tortugas during 2014	National Oceanic and Atmospheric Administration, Florida Fish and Wildlife Commission, National Park Service, University of Miami, Nova Southeastern University, Blondeau J, US DOC; NOAA; NMFS; Southeast Fisheries Science Center (NMFS/SEFSC) (2023). National Coral Reef Monitoring Program: Assessment of fish communities in the Dry Tortugas during 2014. Version 1.8. United States Geological Survey. Samplingevent dataset. https://ipt-obis.gbif.us/resource?r=drytortugasreefvisualcensus2014&v=1.8	9908
10.15468/hnhrg3	821cc27a-e3bb-4bc5-ac34-89ada245069d	NMNH Extant Specimen Records (USNM, US)	Orrell T, Informatics and Data Science Center - Digital Stewardship (2025). NMNH Extant Specimen Records (USNM, US). Version 1.101. National Museum of Natural History, Smithsonian Institution. Occurrence dataset. https://collections.nmnh.si.edu/ipt/resource?r=nmnh_extant_dwc-a&v=1.101	9890
10.15468/iek4ov	01e71491-0712-47f5-95a0-55a43f44fddc	Mollusca of Costa Rica (INBio)	National Biodiversity Institute (INBio) of Costa Rica. (2001 - ). Mollusca occurrence data of Costa Rica. 31917 records, Online, http://atta2.inbio.ac.cr, Version 2.0 (last updated on 13/11/2015).	9126
10.25494/p6js3m	4ef2bed0-d40f-49c9-bb64-c46a301a5a72	Abundance of Rocky Reef Fishes, Invertebrates and Algae, Reef Check California (RCCA), 2006 - 2017		9021
10.15468/w2vk7x	a56671b7-f619-4f49-9250-dfa7c0b298dc	USGS Patuxent Wildlife Research Center Seabirds Compendium		8345
10.7289/v5vd6wts	fd4dfaf4-8d96-4ba3-9e53-9a6c33f71c10	NOAA National Coral Reef Monitoring Program Coral Demographic Data	NOAA National Centers for Coastal Ocean Science (NCCOS), NOAA Southeast Fisheries Science Center (SEFSC), Groves S, Williams B, Sturm A (2025). NOAA National Coral Reef Monitoring Program Coral Demographic Data. Version 1.13. United States Geological Survey. Occurrence dataset. https://ipt-obis.gbif.us/resource?r=noaa_ncrmp_demographic_data&v=1.13	8289
10.15468/xgoxap	0214a6a7-898f-4ee8-b888-0be60ecde81f	The molluscs collection (IM) of the Muséum national d'Histoire naturelle (MNHN - Paris)		8157
10.15468/adis7b	3063fd20-83ba-4716-9a5e-07fcea584f06	Dry Tortugas Reef Visual Census 2012	South Florida Reef Visual Census; https://grunt.sefsc.noaa.gov/rvc_analysis20/samples/index	8030
10.15468/1dg6fe	5199d77b-fc69-4c85-94f2-4d3e63e777ff	National Benthic Inventory	Balthis L (2019). National Benthic Inventory. Version 1.4. United States Geological Survey. Occurrence dataset https://doi.org/10.15468/1dg6fe accessed via GBIF.org on 2020-06-16.	7356
10.15468/ggn70u	aa1d8785-b68f-4000-8b5c-f3545b3132bc	VIMS Chesapeake Bay Multispecies Monitoring and Assessment Program	Gauthier D, Benson A (2016). VIMS Chesapeake Bay Multispecies Monitoring and Assessment Program. United States Geological Survey. Occurrence dataset https://doi.org/10.15468/ggn70u accessed via GBIF.org on 2020-06-16.	6948
10.15468/oomxex	2501caa2-803b-4f6b-9e36-f9f5c72c0666	Dry Tortugas Reef Visual Census 2008	South Florida Reef Visual Census; https://grunt.sefsc.noaa.gov/rvc_analysis20/samples/index	6779
10.5886/zh7n1e	34fbcf59-d9bb-47e7-9672-99e13ea8c736	Royal BC Museum - Invertebrates Collection	Wheeler E, McIntosh H (2024). Royal BC Museum - Invertebrates Collection. Version 1.4. Royal British Columbia Museum. Occurrence dataset. https://doi.org/10.5886/zh7n1e	6480
10.15468/7dnpl0	f31212ae-87f5-45e3-8c03-87a0cc5cb86f	Dry Tortugas Reef Visual Census 2010	South Florida Reef Visual Census; https://grunt.sefsc.noaa.gov/rvc_analysis20/samples/index	6405
10.15468/p5rupv	4bfac3ea-8763-4f4b-a71a-76a6f5f243d3	Museum of Comparative Zoology, Harvard University	Museum of Comparative Zoology, Harvard University (2016): Museum of Comparative Zoology, Harvard University.  Dataset/Occurrence. http://digir.mcz.harvard.edu/ipt/resource?r=mczbase doi:10.15468/p5rupv	5900
10.15468/tiac99	44bcde48-ac71-46f2-bf73-24fc3c008b6c	CAS Invertebrate Zoology (IZ)		5125
10.15468/ngv5kk	b3fc1d76-a50d-4a57-a2f3-425adfc59f9f	Sanctuary Soundscape Monitoring Project (SanctSound) Daily Aggregated Species Detections	NOAA Office of National Marine Sanctuaries and U.S Navy (2023). Sanctuary Soundscape Monitoring Project (SanctSound) Daily Aggregated Species Detections. Version 1.1. Occurrence dataset. https://ipt-obis.gbif.us/resource?r=noaa_sanctsound_daily_species&amp;v=1.1	5066
10.15468/uv9r4x	2beeb895-b24c-4136-9037-b05ba4d09fd3	Diversidad y dinámica del fitoplancton marino en la bahía de Acapulco, Guerrero		4624
10.15468/zxgvvp	035941f6-46af-457b-9c23-bfb21ffd0904	Inventaire des invertébrés marins benthiques et des algues de la Guadeloupe : expédition Karubenthos 2012-Expédition Karubenthos 2012 : inventaire des Mollusques et des Crustacés de la Guadeloupe		4563
10.15468/a7upu6	5944ffd0-ba6f-413b-8414-54433a4f2d1e	Zooplankton densities collected from a seasonally hypoxic fjord (Hood Canal, Salish Sea, USA) on 2012-2013 cruises	Keister J E, Essington T, Horne J K, Parker-Stetter S, Herrmann B, Li L, Mayorga E, Winans A (2024). Zooplankton densities collected from a seasonally hypoxic fjord (Hood Canal, Salish Sea, USA) on 2012-2013 cruises. Version 1.2. United States Geological Survey. Samplingevent dataset. https://doi.org/10.15468/a7upu6	4348
10.15468/jr4suq	29f71768-50ac-4a9d-8985-86638b0b30e4	National Coral Reef Monitoring Program: Assessment of fish communities in the Dry Tortugas during 2016	NOAA National Centers for Coastal Ocean Science (NCCOS), Southeast Fisheries Science Center (SEFSC), University of Miami Rosenstiel School of Marine and Atmospheric Science (UM-RSMAS), Nova Southeastern University (NSU), Florida Fish and Wildlife Conservation Commission (FWC), Florida Department of Environmental Protection (FDEP), National Park Service (NPS), Florida Keys National Marine Sanctuary (FKNMS), Broward and Miami-Dade counties, Blondeau J, US DOC; NOAA; NMFS; Southeast Fisheries Science Center (NMFS/SEFSC) (2023). National Coral Reef Monitoring Program: Assessment of fish communities in the Dry Tortugas during 2016. Version 1.5. United States Geological Survey. Samplingevent dataset. https://ipt-obis.gbif.us/resource?r=drytortugasreefvisualcensus2016&v=1.5	4332
10.15468/qokwbw	a6ab3f74-b667-4423-9df6-af18d73783f0	Lake Washington sediment enrichments	MGnify (2019). Lake Washington sediment enrichments. Sampling event dataset https://doi.org/10.15468/qokwbw accessed via GBIF.org on 2025-09-24.	4255
10.25607/krf8yo	06f9f3fa-ef86-478d-9286-be020c6bd73b	DFO Pacific Inside North Hard Bottom Longline Surveys	Cornthwaite M (2023). DFO Pacific Inside North Hard Bottom Longline Surveys. Version 3.0. Fisheries and Oceans Canada. Samplingevent dataset. https://doi.org/10.25607/krf8yo	3609
10.15468/jlkkrw	dfde3cb2-99a6-40a3-a333-900ddcb17807	Dry Tortugas Reef Visual Census 2004	South Florida Reef Visual Census; https://grunt.sefsc.noaa.gov/rvc_analysis20/samples/index	3576
10.15468/x5e1h1	4c13bc65-b440-45a7-8471-df0a862c6c91	Actualización de la colección poliquetológica de la Universidad Autónoma de Nuevo León		3560
10.15468/rexjmu	b9d90a50-3138-4837-b4b1-775f3526889c	Dry Tortugas Reef Visual Census 2006	South Florida Reef Visual Census; https://grunt.sefsc.noaa.gov/rvc_analysis20/samples/index	3443
10.15468/qgvvhd	da6a07ed-9eee-460d-9448-910f542c1a7b	The crustaceans collection (IU) of the Muséum national d'Histoire naturelle (MNHN - Paris)		3421
10.15468/4w9oc7	a267b6a7-91f9-457c-889a-481e7aa920b6	SIO Benthic Invertebrate Collection	Scripps Institution of Oceanography Benthic Invertebrate Collection	3378
10.15468/yw9wpv	b15336bb-943e-4248-93c2-88f597121108	Ecological Genomics of a Seasonally Anoxic Fjord; Saanich Inlet	MGnify (2021). Ecological Genomics of a Seasonally Anoxic Fjord; Saanich Inlet. Sampling event dataset https://doi.org/10.15468/yw9wpv accessed via GBIF.org on 2025-09-24.	3280
10.15468/xrzanm	84b72ee4-f762-11e1-a439-00145eb45e9a	Arctic Ocean Diversity	Alaska Ocean Observing System: Arctic Ocean Diversity	3276
10.15468/96wzbk	056ddd7e-bec5-448d-8463-94dc359b81f4	DFO Quebec Region Biodiversity of the whelk (Buccinum) dredge survey in the St. Lawrence Estuary	Brulotte S, Nozères C (2023). DFO Quebec Region Biodiversity of the whelk (Buccinum) dredge survey in the St. Lawrence Estuary. Version 1.4. Fisheries and Oceans Canada. Samplingevent dataset. https://ipt.iobis.org/obiscanada/resource?r=dfo_que_est_bu&v=1.4	3266
10.15468/k9a7nn	83afb58e-f762-11e1-a439-00145eb45e9a	Resolute Passage Copepod Distribution (OBIS Canada)	Copepod species composition and associated chlorophyll data from Resolute Passage between 1983 and 1989.	3132
10.15468/tvrkn7	93efc16a-7eb1-4792-bdec-de1ea69b8c65	DFO Quebec Region MLI museum collection	Miller R, Nozères C (2025). DFO Quebec Region MLI museum collection. Version 3.25. Fisheries and Oceans Canada. Occurrence dataset. http://iobis.org/mapper/?resource_id=2673	3123
10.7289/v5vd6wts	6ce70eba-ffd8-48e3-ae1a-5e38b6da6b93	NOAA National Coral Reef Monitoring Program Coral Benthic Assessment Data	NOAA National Centers for Coastal Ocean Science (NCCOS), NOAA Southeast Fisheries Science Center (SEFSC), Groves S, Williams B, Sturm A (2025). NOAA National Coral Reef Monitoring Program Coral Benthic Assessment Data. Version 1.9. United States Geological Survey. Occurrence dataset. https://ipt-obis.gbif.us/resource?r=noaa_ncrmp_benthic_assessment&v=1.9	3003
10.15468/wsxvo6	83a517aa-f762-11e1-a439-00145eb45e9a	Atlantic Reference Centre Museum of Canadian Atlantic Organisms - Invertebrates and Fishes Data	Van Guelpen, L., 2016. Atlantic Reference Centre Museum of Canadian Atlantic Organisms - Invertebrates and Fishes Data. Version 4 In OBIS Canada Digital Collections. Bedford Institute of Oceanography, Dartmouth, NS, Canada. Published by OBIS, Digital http://www.iobis.org/. Accessed on –INSERT DATE https://doi.org/10.15468/wsxvo6 accessed via GBIF.org on 2021-04-16.	2738
10.15468/quejlc	076bbcbe-6c76-4c7c-8835-6dd346ef387a	Dry Tortugas Reef Visual Census 2000	South Florida Reef Visual Census; https://grunt.sefsc.noaa.gov/rvc_analysis20/samples/index	2447
10.15468/e8g3at	c344b760-f3df-4bd9-b8f4-80d58d647bf4	DFO Quebec Region Invertebrate assemblages and submerged aquatic vegetation in coastal areas of the St. Lawrence Estuary and Gulf (north shore) using a drop photo camera system.	Lévesque D, Roux M, Robillard A (2023). DFO Quebec Region Invertebrate assemblages and submerged aquatic vegetation in coastal areas of the St. Lawrence Estuary and Gulf (north shore) using a drop photo camera system.. Version 1.9. Fisheries and Oceans Canada. Samplingevent dataset. https://ipt.iobis.org/obiscanada/resource?r=dl_cpd_ppo&v=1.9	2428
10.15468/xxm2eb	ec0ad39f-3370-4d51-a663-cb27abd2a6bb	LACM Malacology	Groves L, Mertz W (2025). LACM Malacology. Version 1.24. Natural History Museum of Los Angeles County. Occurrence dataset. https://ipt.idigbio.org/resource?r=lacm-mollusks&v=1.24	2381
10.15468/mzyp3e	199958ab-9096-43e1-9f4c-8a4d97feb024	DFO Quebec Region Ecosystemic bottom trawl surveys 2004-2022	Bernier D, Boulanger M, Bourdages H, Nozères C, Vanier C, Isabel L (2025). DFO Quebec Region Ecosystemic bottom trawl surveys 2004-2022. Version 3.8. Fisheries and Oceans Canada. Samplingevent dataset. http://iobis.org/mapper/?resource_id=2542	2360
10.25607/c2kwq5	2fc9577f-1fa8-45e3-b4b5-0c46c3cad692	DFO Pacific Inside South Hard Bottom Longline Surveys	Cornthwaite M (2023). DFO Pacific Inside South Hard Bottom Longline Surveys. Version 3.0. Fisheries and Oceans Canada. Samplingevent dataset. https://doi.org/10.25607/c2kwq5	2359
10.15468/73tvnd	350f00a7-db1f-4133-bc07-71de716339da	Rockfish Recruitment and Ecosystem Assessment Survey, Catch Data	Field J, Sakuma K, Benson A, deWitt L (2019). Rockfish Recruitment and Ecosystem Assessment Survey, Catch Data. Version 1.3. United States Geological Survey. Sampling event dataset https://doi.org/10.15468/73tvnd accessed via GBIF.org on 2020-06-16.	2295
10.15468/7rnsem	9e018d96-2264-4207-a7bc-00483885b368	Diatomeas (Bacillariophyceae) y dinoflageladas (Dinophyceae) planctónicas más frecuentes en el Golfo de California		2257
10.15468/r638gm	4589d944-e08f-4b8f-875c-d671be0b0b4a	DFO Quebec Region Magdalen Islands Sea Scallop Survey 1992-2019	Belley, R, Boulanger M-P, Roy V, Sean A-S, Nozères C (2023). DFO Quebec Region Magdalen Islands Sea Scallop Survey. Version 1.0. Fisheries and Oceans Canada. Occurrence dataset. https://ipt.iobis.org/obiscanada/resource?r=dfo_que_idm_pm&amp;v=1.0	2206
10.15468/i29dpq	80540bc4-f762-11e1-a439-00145eb45e9a	Diversidad de peces de las lagunas costeras de Pueblo Viejo y el Mango, Veracruz		2123
10.15468/yc29h4	6befdba2-9801-4d46-b5d5-53da1ddb663c	DFO Quebec Region Fish and invertebrate assemblages in coastal areas of the St. Lawrence Estuary (north shore) sampled with a beam trawl	Roux M, Lévesque D, Scallon-Chouinard P (2023). DFO Quebec Region Fish and invertebrate assemblages in coastal areas of the St. Lawrence Estuary (north shore) sampled with a beam trawl. Version 1.1. Fisheries and Oceans Canada. Samplingevent dataset. https://ipt.iobis.org/obiscanada/resource?r=dl_cha_ppo&v=1.1	2029
10.15468/q9c4mn	a7dff6b5-7ca3-4639-ac3e-f0b413d1b160	Invertebrate Collections made by R/V Velero III, IV, Atlantic, and Hubbs	Wetzer R, Westover V, Wall J, Wall A, Pentcheff N D, Omura K, Haymaker C, Harris L, Barve V (2025). Invertebrate Collections made by R/V Velero III, IV, Atlantic, and Hubbs. Version 1.10. Natural History Museum of Los Angeles County. Samplingevent dataset. https://ipt.vertnet.org/resource?r=lacm_velero&v=1.10	1956
10.15468/vmcydh	ec245bc1-4812-438d-8d07-5d74ad0bd496	Atlantic and Gulf Rapid Reef Assessment - Benthic	Marks, K.W. 2007. “AGRRA Database, version (05/2007).” Available online	1873
10.15468/tofq5p	e5cd9465-308d-436b-ba68-cfda9aad6af1	Seawater Targeted Locus (Loci)	MGnify (2019). Seawater Targeted Locus (Loci). Sampling event dataset https://doi.org/10.15468/tofq5p accessed via GBIF.org on 2025-09-24.	1823
10.15468/jb9tdf	26098c25-8f7f-4c71-97ac-1d3db181c65e	NMNH Material Samples (USNM)	Orrell T, Informatics and Data Science Center, Digital Stewardship Team (2025). NMNH Material Samples (USNM). Version 1.82. National Museum of Natural History, Smithsonian Institution. Occurrence dataset. https://collections.nmnh.si.edu/ipt/resource?r=nmnh_material_sample&v=1.82	1759
10.15468/49s45k	417f4d21-959b-4773-90a2-c38d1822d873	BMSM Bailey-Matthews National Shell Museum	Bailey-Matthews National Shell Museum (BMSM)	1645
10.15468/jzgqtc	968dfa3e-3614-4bab-a3b5-e9209bdd6078	Ocean Genome Legacy Collection	Accession ID OGL-#####. The Ocean Genome Legacy Center. Northeastern University. Published on the web at ogl.northeastern.edu/catalog.	1392
10.25494/p66w3j	0a9abcfb-2ac6-44b3-b241-ca66eff99b76	Bull Kelp Forest Ecosystem Monitoring Database, Northern California, 1971-2023	Laura Rogers-Bennett, & Robert Klamt. (2024). Bull Kelp Forest Ecosystem Monitoring Database, Northern California, 1971-2023 (ongoing). California Ocean Protection Council Data Repository. doi:10.25494/P66W3J.	1315
10.15468/4sgwtb	7fa0eb8e-f762-11e1-a439-00145eb45e9a	Base de datos y colección de distintos grupos del zooplancton de regiones marinas prioritarias de Jalisco y Colima en el Pacífico mexicano (Larvas de peces)		1302
10.15468/9o6jbj	83c964d4-f762-11e1-a439-00145eb45e9a	Gwaii Haanas Invertebrates (OBIS Canada)	Living marine legacy of Gwaii Haanas. II: Marine invertebrate baseline to 2000 and invertebrate-related management issues.	1250
10.15468/j8hz95	6d40a388-57c4-4e7e-a794-6d6502c225c7	Los Angeles Urban Ocean Expedition 2019		1245
10.15468/k3qwgt	11e43d34-3a92-4ed0-b735-6cb56a3169ca	Laptev Sea and Nansen Basin Zooplankton, 1993	Conservation of Arctic Flora and Fauna: Laptev Sea and Nansen Basin Zooplankton, 1993 https://doi.org/10.15468/k3qwgt accessed via GBIF.org on 2021-12-08.	1239
10.15468/ad1ovc	e1a01804-881b-42ae-8f97-1e80f697fd56	SIO Marine Vertebrate Collection	Scripps Institution of Oceanography Marine Vertebrate Collection	1203
10.25607/lnewao	1677f287-3666-49b8-90f2-12a63ca58438	DFO Pacific Outside North Hard Bottom Longline Surveys	Cornthwaite M (2023). DFO Pacific Outside North Hard Bottom Longline Surveys. Version 3.0. Fisheries and Oceans Canada. Samplingevent dataset. https://doi.org/10.25607/lnewao	1186
10.25607/wzr4dl	4c9174a6-77db-4e94-bc41-478ccf5a09c1	DFO Pacific Groundfish Synoptic Trawl Surveys - Strait of Georgia	Cornthwaite M (2023). DFO Pacific Groundfish Synoptic Trawl Surveys - Strait of Georgia. Version 2.1. Fisheries and Oceans Canada. Samplingevent dataset. https://doi.org/10.25607/wzr4dl	1158
10.15468/xhg8jr	19f339c6-d49c-4315-8c96-640821f2406f	Registros de Vertebrados en Arrecifes Rocosos - LEMACO/UNA	García A (2024). Registros de Vertebrados en Arrecifes Rocosos - LEMACO/UNA. Version 1.3. Universidad Nacional de Costa Rica. Occurrence dataset https://doi.org/10.15468/xhg8jr accessed via GBIF.org on 2025-09-09.	1150
10.15468/zh2vfr	4e8df027-a8e6-4d7a-b576-0c5a83b66403	DFO Quebec Region Baie Sainte-Marguerite Snow Crab Trawl Survey 2006-2009	Sainte-Marie B, Roy V, Nozères C, Boulanger M-P (2023): DFO Quebec Region Baie Sainte-Marguerite Snow Crab Trawl Survey 2006-2009. v1.1. Fisheries and Oceans Canada. Dataset/Samplingevent. https://ipt.iobis.org/obiscanada/resource?r=dfo_que_bsm_co&amp;v=1.1	1146
10.15468/alz7wu	afc30a94-6107-488a-b9c0-ba9c4fa68b7c	Field Museum of Natural History (Zoology) Fish Collection		1111
10.15468/qb1kdr	f539f857-d9be-4342-a26d-fb6033fb9c1d	Biodiversidad de macroinvertebrados bénticos de la región marina Tijuana-Ensenada Baja California, México		1064
10.25607/2ujdvh	d72a04b2-f02f-4c04-be17-f85fbf9189f6	Ecological insight of seasonal plankton succession to monitor shellfish aquaculture ecosystem interactions	Sharpe H, Lacoursière-Roussel A, Gallardi D (2024). Ecological insight of seasonal plankton succession to monitor shellfish aquaculture ecosystem interactions. Version 3.2. Fisheries and Oceans Canada. Samplingevent dataset. https://doi.org/10.25607/2ujdvh	1028
10.15468/evh3kd	e8bfbb07-a739-49e9-952f-cd4e9a06603c	Fortalecimiento de las colecciones de ECOSUR. Primera fase (Zooplancton Chetumal)		1016
10.15468/aswbyx	0f958fcf-097a-4881-90d0-9321c3dae1a4	Fitoplancton marino frente a Baja California. 1. Bahía de Todos Santos, BC		1007
10.25607/dwxzhx	e908605e-fb40-4db1-bff7-de1c241284a9	DFO Pacific Outside South Hard Bottom Longline Surveys	Cornthwaite M (2023). DFO Pacific Outside South Hard Bottom Longline Surveys. Version 3.0. Fisheries and Oceans Canada. Samplingevent dataset. https://doi.org/10.25607/dwxzhx	966
10.15468/z3wee5	bf870a19-b625-470c-a158-8c802198321e	Registros de Invertebrados Marinos del LEMACO, UNA	García-Rojas A, Ulate-Naranjo K, Arias-Zumbado F, Vega-Bolanos H (2024). Registros de Invertebrados Marinos del LEMACO, UNA. Version 1.3. Universidad Nacional de Costa Rica. Occurrence dataset https://doi.org/10.15468/z3wee5 accessed via GBIF.org on 2025-09-09.	937
10.25607/mzbjdr	48060741-47d3-4093-86e6-2ec484323cc5	DFO Pacific Groundfish Synoptic Trawl Surveys - Hecate Strait	Cornthwaite M (2023). DFO Pacific Groundfish Synoptic Trawl Surveys - Hecate Strait. Version 2.0. Fisheries and Oceans Canada. Samplingevent dataset. https://doi.org/10.25607/mzbjdr	911
10.15468/ykxpg6	b6ce73fb-6a98-4bde-b583-37a4634efef4	Uncultured eukaryotes Targeted Locus (Loci)	MGnify (2019). Uncultured eukaryotes Targeted Locus (Loci). Sampling event dataset https://doi.org/10.15468/ykxpg6 accessed via GBIF.org on 2025-09-24.	890
10.26071/ogsl-c2a02113-e69c	9c064156-0252-4441-9021-63b4107ff9b7	DFO Quebec Region Coastal biodiversity of the benthic epifauna of the St. Lawrence Estuary (2018-2019)	Roy V (2021): DFO Quebec Region Coastal biodiversity of the benthic epifauna of the St. Lawrence Estuary (2018-2019). v1.2. Fisheries and Oceans Canada. Dataset/Samplingevent. https://doi.org/10.26071/ogsl-c2a02113-e69c	863
10.15468/bfd6ci	a0a4d131-f53f-43b2-a1ba-254473b8a006	Marine Invertebrate voucher specimens at the Florida Biodiversity Collection, Florida Fish and Wildlife Conservation Commission		816
10.15468/g8q8ey	70f49e1a-f362-45be-9b6b-c45658d0efbf	Dry Tortugas Reef Visual Census 1999	South Florida Reef Visual Census; https://grunt.sefsc.noaa.gov/rvc_analysis20/samples/index	808
10.15468/sgyn9w	c42d2f75-d18d-4cee-88ca-e6be0515be9b	NOAA Southeast Fisheries Science Center (SEFSC) Fisheries Log Book System (FLS) Commercial Pelagic Logbook Data		791
10.15468/5qtvhh	5caa6b61-4cdf-4716-9f9d-d9886aa7dbb2	Base de datos y colección de distintos grupos del zooplancton de regiones marinas prioritarias de Jalisco y Colima en el Pacífico mexicano (Chaetognatha)		788
10.15468/wk3zk7	197908d0-5565-11d8-b290-b8a03c50a862	FishBase Database		778
10.15468/7jsrkt	e24436ec-55c4-4348-82b6-d4e8b09c548f	Sponge occurrence and associated species and habitat descriptions derived from the 2021 and 2022 SCUBA diving surveys in the Eastern Shore Islands Area of Interest, Nova Scotia.	Goodwin, C., Cooper, J.A., Lawton, P., Teed, L.L. 2025. Sponge occurrence and associated species and habitat descriptions derived from the 2021 and 2022 SCUBA diving surveys in the Eastern Shore Islands Area of Interest, Nova Scotia. Version 1.0. Fisheries and Oceans Canada. Occurrence dataset. https://ipt.iobis.org/obiscanada/resource?r=eastern_shore_islands_sponge_survey_2021_2022&amp;v=1.0	764
10.15468/mbwnw9	f9a70dab-004b-45ad-90cb-24d8ff645b44	Centre for Biodiversity Genomics - Canadian Specimens	Telfer A, Sones JE and deWaard JR (2018): Centre for Biodiversity Genomics - Canadian Specimens. v1.4. University of Guelph. Dataset/Occurrence. https://ipt.uoguelph.ca/ipt/resource?r=cbg_canadian_specimens&amp;v=1.4	742
10.15468/xkt634	773930b7-a6fc-4f5c-9eff-c59e2c21403a	Northern Gulf of St. Lawrence Fishes	Dutil J, Nozères C (2023). Northern Gulf of St. Lawrence Fishes. Version 40.6. Fisheries and Oceans Canada. Occurrence dataset. http://iobis.org/mapper/?resource_id=2671	732
10.15468/wcwcep	83f4fae5-66e6-4214-b09e-9c1b8ab633ff	Methane and dissolved organic carbon fueled microbial loop supports a tropical subterranean estuary ecosystem	MGnify (2019). Methane and dissolved organic carbon fueled microbial loop supports a tropical subterranean estuary ecosystem. Sampling event dataset https://doi.org/10.15468/wcwcep accessed via GBIF.org on 2025-09-24.	690
10.15468/efh2ib	5d6c10bd-ea31-4363-8b79-58c96d859f5b	CAS Ichthyology (ICH)	Fong J (2025). CAS Ichthyology (ICH). Version 150.495. California Academy of Sciences. Occurrence dataset. http://ipt.calacademy.org:8080/resource?r=ich&v=150.495	586
10.15468/wrvy1y	80ebe7f9-00ee-4fe3-80f6-303729cf5bac	UAM Invertebrate Collection (Arctos)	UAM Marine Invertebrates, University of Alaska Museum, University of Alaska Fairbanks	584
10.15468/szdwxp	65de7b25-4bf4-48bc-a785-e330cf94cf80	Coral Reef Evaluation and Monitoring Project Florida Keys 2016	Porter J, Stoessel M (2020). Coral Reef Evaluation and Monitoring Project Florida Keys 2016. United States Geological Survey. Sampling event dataset https://doi.org/10.15468/szdwxp	565
10.15468/y4grdu	102c4eb1-bad6-474e-a06f-94aac00dd2f2	DFO Arctic Region Biodiversity of the Benthic Infauna Box Core Survey from CBS-MEA program (2021-2023)	de Carufel V, Roy V (2025). DFO Arctic Region Biodiversity of the Benthic Infauna Box Core Survey from CBS-MEA program (2021-2023). Version 1.5. Fisheries and Oceans Canada. Samplingevent dataset. https://ipt.iobis.org/obiscanada/resource?r=cbs_mea_infauna&v=1.5	559
10.15468/aa4ujk	c24949d7-9a97-422b-aed9-c083894e49a2	Coral Reef Evaluation and Monitoring Project Florida Keys 2018	Porter J, Stoessel M (2020). Coral Reef Evaluation and Monitoring Project Florida Keys 2018. Version 1.2. United States Geological Survey. Sampling event dataset https://doi.org/10.15468/aa4ujk accessed via GBIF.org on 2020-06-16.	556
10.15468/fhkwy2	6bb8dff2-1c80-4f64-9cf0-9dda185d5bca	Coral Reef Evaluation and Monitoring Project Dry Tortugas 2010	Porter J, Stoessel M (2020). Coral Reef Evaluation and Monitoring Project Dry Tortugas 2010. Version 1.1. United States Geological Survey. Sampling event dataset https://doi.org/10.15468/fhkwy2 accessed via GBIF.org on 2020-06-16.	543
10.15468/zxbhda	fe1cedbd-3171-4370-b5b1-1323fc8492c7	LACM Echinoderms		543
10.15468/amubx5	da09ae86-b126-4780-bc81-58c40b8b927a	Coral Reef Evaluation and Monitoring Project Florida Keys 2015	Porter J, Stoessel M (2020). Coral Reef Evaluation and Monitoring Project Florida Keys 2015. Version 1.1. United States Geological Survey. Sampling event dataset https://doi.org/10.15468/amubx5 accessed via GBIF.org on 2020-06-16.	542
10.15468/fndf7x	be8bd010-baa3-4d7a-89a2-537c38aa3c85	DFO Quebec Region Biodiversity of the snow crab trawl survey in the St. Lawrence Estuary (2019)	Juillet C, Lévesque I, Nozères C, Roy V (2022): DFO Quebec Region Biodiversity of the snow crab trawl survey in the St. Lawrence Estuary (2019). v1.2. Fisheries and Oceans Canada. Dataset/Occurrence. https://ipt.iobis.org/obiscanada/resource?r=dfo_que_est_co&amp;v=1.2	526
10.15468/ra7qsu	d4855ca5-4037-4a00-a698-8cddbf7e4438	Coral Reef Evaluation and Monitoring Project Florida Keys 2017	Porter J, Stoessel M (2020). Coral Reef Evaluation and Monitoring Project Florida Keys 2017. Version 1.1. United States Geological Survey. Sampling event dataset https://doi.org/10.15468/ra7qsu accessed via GBIF.org on 2020-06-16.	517
10.15468/szomia	b6015b60-6f96-43a9-88e5-2f41854e8f07	Biodiversity Research and Teaching Collections - TCWC Vertebrates	Biodiversity Research and Teaching Collections, Department of Wildlife and Fisheries Sciences, Texas A&M University, College Station, TX, USA.	516
10.15468/fzeu7q	6ddeb057-4516-4811-8246-45f2bfd08215	Coral Reef Evaluation and Monitoring Project Florida Keys 2010	Porter J, Stoessel M (2020). Coral Reef Evaluation and Monitoring Project Florida Keys 2010. Version 1.2. United States Geological Survey. Sampling event dataset https://doi.org/10.15468/fzeu7q accessed via GBIF.org on 2020-06-16.	505
10.25607/uflf4c	3d4cac0a-7441-4099-8eed-8a270d522f8f	DFO Pacific Groundfish Synoptic Trawl Surveys - Queen Charlotte Sound	Cornthwaite M (2023). DFO Pacific Groundfish Synoptic Trawl Surveys - Queen Charlotte Sound. Version 2.0. Fisheries and Oceans Canada. Samplingevent dataset. https://doi.org/10.25607/uflf4c	503
10.15468/gs9apm	6ca76c0f-be62-4db2-9bdf-1e13ffd6b0d2	DFO Quebec Region Magdalen Islands Lobster Survey	Bruneau B, Paille N, Nozères C, Roy V (2023): DFO Quebec Region Magdalen Islands Lobster Survey. v1.3. Fisheries and Oceans Canada. Dataset/Occurrence. https://ipt.iobis.org/obiscanada/resource?r=dfo_que_idm_ha&amp;v=1.3	503
10.15468/afgs9w	8b75c4df-e81c-40d0-8420-5c7966298bc6	Coral Reef Evaluation and Monitoring Project Dry Tortugas 2011	Porter J, Stoessel M (2020). Coral Reef Evaluation and Monitoring Project Dry Tortugas 2011. Version 1.1. United States Geological Survey. Sampling event dataset https://doi.org/10.15468/afgs9w accessed via GBIF.org on 2020-06-16.	503
10.15468/jndhcq	7e5270aa-3efa-4921-b43f-692caf754521	DFO Arctic Region Biodiversity of the Benthic Epifauna Trawl Survey from CBS-MEA program (2021-2024)	de Carufel V, Roy V (2025). DFO Arctic Region Biodiversity of the Benthic Epifauna Trawl Survey from CBS-MEA program (2021-2024). Version 1.2. Fisheries and Oceans Canada. Samplingevent dataset. https://ipt.iobis.org/obiscanada/resource?r=cbs_mea&v=1.2	501
10.15468/hrvlij	f2fefe8b-58fa-4b2e-9ddd-756664b5ddd3	Zoobenthos data from the Southern Beaufort Sea, 1971-1975	J.W. Wacasey, E.G. Atkinson, L. Derick and I. Weinstein (1977). Zoobenthos data from the Southern Beaufort Sea, 1971-1975. Fisheries and Environment Canada. Fisheries and Marine Service Data report 41 https://doi.org/10.15468/hrvlij accessed via GBIF.org on 2021-12-08.	497
10.15468/4a3phv	09e41efb-1457-4b7c-8576-70a4480fd2f2	Coral Reef Evaluation and Monitoring Project Dry Tortugas 2017	Porter J, Stoessel M (2020). Coral Reef Evaluation and Monitoring Project Dry Tortugas 2017. Version 1.2. United States Geological Survey. Sampling event dataset https://doi.org/10.15468/4a3phv accessed via GBIF.org on 2020-06-16.	496
10.15468/o96alp	173752b8-8da3-433e-b757-2ad48a971225	Actualización y adiciones a la Colección de Poliquetos del Instituto de Ciencias del Mar y Limnología, UNAM		484
10.15468/e9mdrc	7eded672-0e16-4774-bee3-663d8f5f98f0	Coral Reef Evaluation and Monitoring Project Dry Tortugas 2015	Porter J, Stoessel M (2020). Coral Reef Evaluation and Monitoring Project Dry Tortugas 2015. Version 1.4. United States Geological Survey. Sampling event dataset https://doi.org/10.15468/e9mdrc accessed via GBIF.org on 2020-06-16.	477
10.15468/as2vbb	f7a30683-8156-49b1-b31e-d4e3be017d61	Coral Reef Evaluation and Monitoring Project Dry Tortugas 2014	Porter J, Stoessel M (2020). Coral Reef Evaluation and Monitoring Project Dry Tortugas 2014. Version 1.1. United States Geological Survey. Sampling event dataset https://doi.org/10.15468/as2vbb accessed via GBIF.org on 2020-06-16.	476
10.15468/wjrtg7	cca6b165-92c6-4111-a074-99ee8d2c6b60	Coral Reef Evaluation and Monitoring Project Dry Tortugas 2018	Porter J, Stoessel M (2020). Coral Reef Evaluation and Monitoring Project Dry Tortugas 2018. Version 1.2. United States Geological Survey. Sampling event dataset https://doi.org/10.15468/wjrtg7 accessed via GBIF.org on 2020-06-16.	473
10.15468/lhtmpo	52855660-ce87-4312-9538-fefde37134b6	ZooplanktonBeaufortSeaNOGAP1	Hopky, G.E. Lawrence, M.J. and Chiperzak, D.B.; Central and Arctic Region, Department of Fisheries and Oceans, Winnipeg, Manitoba R3T 2N6. (1994) NOGAP B2; Zooplankton Data from the Canadian Beaufort Sea Shelf, 1984 and 1985. Canadian Data Report of Fisheries and Aquatic Sciences: 922. https://doi.org/10.15468/lhtmpo accessed via GBIF.org on 2021-12-08.	464
10.15468/7fvunw	353b7fba-63df-4cbe-86d1-bf854850edf8	Coral Reef Evaluation and Monitoring Project Dry Tortugas 2016	Porter J, Stoessel M (2020). Coral Reef Evaluation and Monitoring Project Dry Tortugas 2016. Version 1.2. United States Geological Survey. Sampling event dataset https://doi.org/10.15468/7fvunw accessed via GBIF.org on 2020-06-16.	463
10.15468/tnjrgy	66f6192f-6cc0-45fd-a2d1-e76f5ae3eab2	Diveboard - Scuba diving citizen science observations	Diveboard - Scuba diving citizen science observations. Online at http://www.diveboard.com and http://ipt.diveboard.com/resource.do?r=diveboard-occurrences.	459
10.15468/yuwzrp	83a9d9ab-b29c-4593-b88a-6243fb624be0	Coral Reef Evaluation and Monitoring Project Dry Tortugas 2012		451
10.15468/ayqda2	36a52fb6-5eb8-48c3-99f8-db83d9f00a6b	Occurrence and percent cover of the colonial invasive tunicate Didemnum vexillum from near-seafloor drift transect video imagery and high-resolution digital still images in the western Bay of Fundy, Canada	Teed L, Dinning K, Lawton P (2024). Occurrence and percent cover of the colonial invasive tunicate Didemnum vexillum from near-seafloor drift transect video imagery and high-resolution digital still images in the western Bay of Fundy, Canada. Version 1.0. Fisheries and Oceans Canada. Samplingevent dataset. https://ipt.iobis.org/obiscanada/resource?r=occurrence_of_the_colonial_invasive_tunicate_didemnum_vexillum_from_near-seafloor_drift_transect_video_imagery_and_high-resolution_digital_still_images_in_the_western_bay_of_fundy_canada&v=1.0	448
10.15468/39d2hr	d49eda53-61b4-4d64-9550-16e527771945	Coral Reef Evaluation and Monitoring Project Dry Tortugas 2013	Porter J, Stoessel M (2020). Coral Reef Evaluation and Monitoring Project Dry Tortugas 2013. Version 1.1. United States Geological Survey. Sampling event dataset https://doi.org/10.15468/39d2hr accessed via GBIF.org on 2020-06-16.	445
10.15468/jq66kg	f0ecbdff-75d4-487b-9aa9-8d7e88e8e862	DFO Quebec Region Ecosystemic bottom trawl survey 1990-2005	Bernier D, Bourdages H, Nozères C, Vanier C, Boulanger M, Isabel L (2025). DFO Quebec Region Ecosystemic bottom trawl survey 1990-2005. Version 1.2. Fisheries and Oceans Canada. Samplingevent dataset. https://ipt.iobis.org/obiscanada/resource?r=quebec_occurence&v=1.2	435
10.15468/lyw1fq	5a6977c1-ece6-44b8-b71d-43cb1d4e0919	DMNS Marine Invertebrate Collection (Arctos)	Denver Museum of Nature & Science Marine Invertebrate Collection	418
10.15468/m6gu8k	eb6d9c8c-337f-465c-a23e-ef36a1c294ff	Coral Reef Evaluation and Monitoring Project Florida Keys 2009	Porter J, Stoessel M (2020). Coral Reef Evaluation and Monitoring Project Florida Keys 2009. Version 1.1. United States Geological Survey. Sampling event dataset https://doi.org/10.15468/m6gu8k accessed via GBIF.org on 2020-06-16.	394
10.15468/eyda6l	56aa0680-0c60-11dd-84cd-b8a03c50a862	Invertebrates Collection of the Swedish Museum of Natural History	Stöhr S (2024). Invertebrates Collection of the Swedish Museum of Natural History. Version 6.5. Swedish Museum of Natural History. Occurrence dataset. https://www.gbif.se/ipt/resource?r=nrm-invertebrates&v=6.5	388
10.15468/ef89m2	c8031f3d-0b10-46f3-a532-3b59ec8c4197	Coral Reef Evaluation and Monitoring Project Dry Tortugas 2009	Porter J, Stoessel M (2020). Coral Reef Evaluation and Monitoring Project Dry Tortugas 2009. Version 1.1. United States Geological Survey. Sampling event dataset https://doi.org/10.15468/ef89m2 accessed via GBIF.org on 2020-06-16.	388
10.26071/ogsl-9b07076f-e47b	f17995e1-3cef-4d6d-b318-d86b840b54db	Time-Series Biogenic Matter Export Fluxes Offshore Pointe-des-Monts and Baie-Comeau | Flux de matière biogénique au large de Pointe-des-Monts et de Baie-Comeau	Sharpe, H., Gosselin, M., Lalande, C., Normandeau, A., Montero-Serrano, J.-C., Baccara, K., Bourgault, D., Sherwood, O., & Limoges, A. (2023). Flux de matière biogénique au large de Pointe-des-Monts et de Baie-Comeau [Data set]. https://doi.org/10.26071/ogsl-9b07076f-e47b	381
10.15468/dy522r	017101b3-2668-4119-b6de-ddb983486f50	Coral Reef Evaluation and Monitoring Project Florida Keys 1997	Porter J, Stoessel M (2020). Coral Reef Evaluation and Monitoring Project Florida Keys 1997. Version 1.1. United States Geological Survey. Sampling event dataset https://doi.org/10.15468/dy522r accessed via GBIF.org on 2020-06-16.	341
10.15468/8hf5bc	96406e90-953c-4b6d-b950-c079a04fd424	Coral Reef Evaluation and Monitoring Project Florida Keys 1996	Porter J, Stoessel M (2020). Coral Reef Evaluation and Monitoring Project Florida Keys 1996. Version 1.1. United States Geological Survey. Sampling event dataset https://doi.org/10.15468/8hf5bc accessed via GBIF.org on 2020-06-16.	337
10.15468/u7ulpu	ddf006f2-5c76-47d5-9180-4a52d8d5d4e0	Greenland macrobenthos 2006	Originator: Mikael K Sejr Publication_Date: 2009 Title: Macrobenthic species composition and diversity in the Godthaabsfjord system, SW Greenland Geospatial_Data_Presentation_Form: document Series_Information: Series_Name: Polar Biology Issue_Identification: 33;4 421-431 https://doi.org/10.15468/u7ulpu accessed via GBIF.org on 2021-12-08.	336
10.15468/4mpzvz	9498a2a0-3a65-4942-8a93-49d3b1bdea14	Coral Reef Evaluation and Monitoring Project Florida Keys 1998	Porter J, Stoessel M (2020). Coral Reef Evaluation and Monitoring Project Florida Keys 1998. United States Geological Survey. Sampling event dataset https://doi.org/10.15468/4mpzvz accessed via GBIF.org on 2020-06-16.	328
10.36102/dwc.8	96cdea48-b78a-4345-ae6d-b2c7c6e0278a	NCSM Non-molluscan Invertebrates Collection	McCuller M, Williams B (2024). NCSM Non-molluscan Invertebrates Collection. Version 1.8. North Carolina State Museum of Natural Sciences. Occurrence dataset. 10.36102/dwc.8	317
10.15468/9apcft	e6dc2144-bccb-4ac0-95f8-935d32c6144b	Actualización del catálogo de los Equinodermos Recientes de México (Fase III)		313
10.15468/fbjdgt	198c2601-0dd5-4467-b64c-ca2824b9a17a	Coral Reef Evaluation and Monitoring Project Florida Keys 2000	Porter J, Stoessel M (2020). Coral Reef Evaluation and Monitoring Project Florida Keys 2000. Version 1.1. United States Geological Survey. Sampling event dataset https://doi.org/10.15468/fbjdgt accessed via GBIF.org on 2020-06-16.	312
10.15468/jmsnwg	56caf05f-1364-4f24-85f6-0c82520c2792	KUBI Ichthyology Tissue Collection		310
10.15468/ha2uhn	788e6179-960e-40ea-9de1-23bf4b21fe0a	Benthic Polychaeta (Annelida) from the continental shelf of the Southern Mexican Pacific	Hernandez-Alcántara P, Velasco-López F, Quiroz-Martínez B, Solís-Weiss V (2022): Benthic Polychaeta (Annelida) from the continental shelf of the Southern Mexican Pacific. v1.1. Caribbean OBIS Node. Dataset/Samplingevent. http://ipt.iobis.org/caribbeanobis/resource?r=benthicpolychaeta&v=1.1	310
10.15468/0vgrse	121378f4-4f4a-4889-bd97-e907e51ca227	Amundsen Gulf Overwintering Eukaryote Community	MGnify (2019). Amundsen Gulf Overwintering Eukaryote Community. Sampling event dataset https://doi.org/10.15468/0vgrse accessed via GBIF.org on 2025-09-23.	309
10.15468/wghyl2	80c74ca6-f762-11e1-a439-00145eb45e9a	Diversidad dinámica y patrones reproductivos en la comunidad de peces demersales del Golfo de Tehuantepec		307
10.15468/jchc6q	1d1f4137-7653-4eac-ab67-7487dae51739	ZooplanktonBeaufortSeaNOGAP2	Hopky, G.E. Lawrence, M.J. and Chiperzak, D.B.; Central and Arctic Region, Department of Fisheries and Oceans, Winnipeg, Manitoba R3T 2N6. (2004) NOGAP B2; Zooplankton Data from the Canadian Beaufort Sea Shelf, 1986. Canadian Data Report of Fisheries and Aquatic Sciences: 923 https://doi.org/10.15468/jchc6q accessed via GBIF.org on 2021-12-08.	305
10.15468/80yhgi	5ca5f0b6-d221-4f69-b7ac-8579180942b5	Centre for Biodiversity Genomics (BIOUG) - Marine Invertebrates	Telfer A, deWaard J (2017): Centre for Biodiversity Genomics (BIOUG) - Marine Invertebrates. v1.1. University of Guelph. Dataset/Occurrence. http://data.canadensys.net/ipt/resource?r=cbg_marine&v=1.1	303
10.15468/9whj3z	8927617b-86ac-47a2-8b22-957bf05b8ad1	Coral Reef Evaluation and Monitoring Project Florida Keys 1999	Porter J, Stoessel M (2020). Coral Reef Evaluation and Monitoring Project Florida Keys 1999. Version 1.1. United States Geological Survey. Sampling event dataset https://doi.org/10.15468/9whj3z accessed via GBIF.org on 2020-06-16.	289
10.15468/gqf8vq	81871b47-61e8-4e2f-9e56-6c240f2c9d17	Minerals Management Service (MMS) Phase I : study of benthic communities in the Santa Maria Basin and Western Santa Barbara Channel		283
10.15468/qaecsh	54dd1589-f730-4c64-a891-06f2f25f71b1	Colección Carcinológica de Yucatán		281
10.15468/kwqaay	a307e4d7-1de2-4adc-95d5-a0a8d5f57236	Natural History Museum Rotterdam - Specimens		277
10.25607/jf5779	f2189339-9098-4e0e-98d4-9c72e5e5f96d	DFO Pacific Groundfish Synoptic Trawl Surveys - West Coast Vancouver Island	Cornthwaite M (2023). DFO Pacific Groundfish Synoptic Trawl Surveys - West Coast Vancouver Island. Version 2.0. Fisheries and Oceans Canada. Samplingevent dataset. https://doi.org/10.25607/jf5779	277
10.15468/vvrs6u	542178be-7deb-472d-8405-2ceb1e6a1c4f	DFO Quebec Region Biodiversity of the Arctic surfclam hydraulic dredge survey in the St. Lawrence Estuary (2017)	Roy V (2021): DFO Quebec Region Biodiversity of the Arctic surfclam hydraulic dredge survey in the St. Lawrence Estuary (2017). v1.2. Fisheries and Oceans Canada. Dataset/Samplingevent. http://ipt.iobis.org/obiscanada/resource?r=dfo_que_est_mp&v=1.2	275
10.15468/y5gwn4	1ba73ad6-f210-4a11-be3c-578709d036cf	Coral Reef Evaluation and Monitoring Project Florida Keys 2008	Porter J, Stoessel M (2020). Coral Reef Evaluation and Monitoring Project Florida Keys 2008. Version 1.1. United States Geological Survey. Sampling event dataset https://doi.org/10.15468/y5gwn4 accessed via GBIF.org on 2020-06-16.	261
10.15468/s2qs8n	277b6f51-9e44-47f1-8d88-397ac0245d20	Physical and biological data collected along the Texas, Louisiana, Mississippi, Alabama, and Florida Gulf coasts in the Gulf of Mexico as part of the Harmful Algal BloomS Observing System	(2022): Physical and biological data collected along the Texas, Louisiana, Mississippi, Alabama, and Florida Gulf coasts in the Gulf of Mexico as part of the Harmful Algal BloomS Observing System. v1.5. United States Geological Survey. Dataset/Samplingevent. https://www1.usgs.gov/obis-usa/ipt/resource?r=habsos&v=1.5	260
10.15468/ef434r	e1b5fd93-dbbd-4989-91e0-ba906332aeb6	CardObs : Observations naturalistes issues de l'outil CardObs-KARUHET : Hétéroptères de Guadeloupe		257
10.15468/ky6rst	77573a8e-8ceb-472a-aaad-af7a87f5c5c6	Coral Reef Evaluation and Monitoring Project Florida Keys 2001	Porter J, Stossel M (2020). Coral Reef Evaluation and Monitoring Project Florida Keys 2001. Version 1.3. United States Geological Survey. Sampling event dataset https://doi.org/10.15468/ky6rst accessed via GBIF.org on 2020-06-16.	253
10.15468/yz2z45	25975eb0-d7b0-4662-bd60-a80164850d59	Coral Reef Evaluation and Monitoring Project Florida Keys 2002	Porter J, Stoessel M (2020). Coral Reef Evaluation and Monitoring Project Florida Keys 2002. Version 1.1. United States Geological Survey. Sampling event dataset https://doi.org/10.15468/yz2z45 accessed via GBIF.org on 2020-06-16.	242
10.15468/tth6yr	f7ac806d-112f-4bd3-b7f7-621f5cb6e655	Coral Reef Evaluation and Monitoring Project Florida Keys 2007	Porter J, Stoessel M (2020). Coral Reef Evaluation and Monitoring Project Florida Keys 2007. Version 1.1. United States Geological Survey. Sampling event dataset https://doi.org/10.15468/tth6yr accessed via GBIF.org on 2020-06-16.	242
10.15468/ovjmrn	2f46fe6f-b9fd-4dba-8ca2-2cb1368ceed8	UAM Fish Collection (Arctos)	UAM Fishes, University of Alaska Museum, University of Alaska Fairbanks	241
10.15468/nmcdsv	2f7c33b3-ea7a-40ac-a3b7-bace96f978f7	Type locality distributions from the World Register of Marine Species	WoRMS Editorial Board (2021). Type locality distributions from the World Register of Marine Species. Available from http://www.marinespecies.org at VLIZ. Accessed on YYYY-MM-DD.	221
10.15468/fmbngs	588a6d6b-da58-4d99-8d98-84b4e6f4332f	Coral Reef Evaluation and Monitoring Project Dry Tortugas 2007		221
10.15468/s4hr5h	5a63bc4c-28e8-4d36-9939-979524702c15	Coral Reef Evaluation and Monitoring Project Dry Tortugas 2004		218
10.15468/2mvsq2	958892f6-fa60-40ab-8906-939922aa7d7d	Coral Reef Evaluation and Monitoring Project Dry Tortugas 2008	Porter J, Stoessel M (2020). Coral Reef Evaluation and Monitoring Project Dry Tortugas 2008. United States Geological Survey. Sampling event dataset https://doi.org/10.15468/2mvsq2	211
10.15468/gt7yhp	014e217e-d654-4a10-9b54-185053761b9e	Actualización de la base de datos de diversidad taxonómica de las larvas de peces de Bahía Vizcaíno		210
10.15468/ifgfea	7fe58438-f762-11e1-a439-00145eb45e9a	Consolidación y sistematización de las colecciones de referencia de peces y mamíferos marinos del ITESM Campus Guaymas		205
10.15468/aq98aj	2de5feab-2e50-4b85-8bd4-90dd3dee995e	Coral Reef Evaluation and Monitoring Project Dry Tortugas 2005		201
10.15468/7s7j5n	94a7bb14-d0bc-4082-b4eb-b300bcbdd058	Cnidarios del Golfo de México y mar Caribe	Mendoza-Becerril MA., González-Muñoz R., Jerónimo-Aguilar S., Tello-Musi JL., Genzano G., Marques C., Melo-Merino S.M, Mendoza T., Castillo-Cupul R. E., Homá-Canche P., Ugalde D & Simões N. 2020.   Cnidarians from the Gulf of Mexico and Mexican Caribbean at the “Colección de Cnidarios del Golfo de México y Caribe Mexicano” at the UMDI-Sisal, Facultad de Ciencias, UNAM, México	196
10.15468/qsfjvq	a8035a1d-e674-4d2a-bb59-b476af6a3d6d	American Museum of Natural History (AMNH) Crustacea Collection	Rodriguez E, Johnson C, Berniker L, Lopez-Guzman, M, Doering, M, Daly, P, Gusmao, L, Gonzalez, J, Davis, Hwang, E, A, Ruiz, AM, Schwartzman, J, Stenzel, J, Willigan, E, Chang, K.  (2025). American Museum of Natural History (AMNH) Crustacea Collection. Version 1.18. American Museum of Natural History. Occurrence dataset https://doi.org/10.15468/qsfjvq accessed via GBIF.org on 2025-02-24.	195
10.15468/efkp2d	efb5daef-0851-446b-9afd-caec0f023768	Coral Reef Evaluation and Monitoring Project Dry Tortugas 2006	Porter J, Stoessel M (2020). Coral Reef Evaluation and Monitoring Project Dry Tortugas 2006. United States Geological Survey. Sampling event dataset https://doi.org/10.15468/efkp2d	190
10.15468/hsnrlv	78fb84f9-b5e1-4067-a1b1-730aca8c1bdc	Greenland Macrobenthos Young Sound, 1996	Originator: Mikael K Sejr Publication_Date: 2000 Title:Macrozoobenthic community structure in a high-arctic east Greenland Geospatial_Data_Presentation_Form: document Series_Information: Series_Name: Polar BiologyIssue_Identification: 23:792-801 https://doi.org/10.15468/hsnrlv accessed via GBIF.org on 2021-12-08.	188
10.15468/74hyug	0f223a99-0331-4410-bd97-5472b2e457ec	CardObs : Observations naturalistes issues de l'outil CardObs-Observations naturalistes d'Hervé BRUSTEL		186
10.5886/nb9hje	eaf9401e-a5e3-4a27-89ad-2d6ac6559167	Natural history museum data on Canadian Arctic marine benthos	Roy V (2016): Natural history museum data on Canadian Arctic marine benthos. v2.4. Canadian Museum of Nature. Dataset/Occurrence. https://doi.org/10.5886/nb9hje	186
10.15468/lihjgf	36a96c9f-7f75-49df-abd8-c07d8262f91f	Inventario y catálogo de ostrácodos recientes de los mares mexicanos		185
10.15468/xqhapt	5e94bf18-506b-4484-bbf4-59c29bcba6c7	DFO Quebec Region Biodiversity of the snow crab trawl survey in the Lower North Shore (2018)	Juillet C, Lévesque I, Nozères C, Roy V (2022): DFO Quebec Region Biodiversity of the snow crab trawl survey in the St. Lawrence Estuary (2019). v1.2. Fisheries and Oceans Canada. Dataset/Occurrence. https://ipt.iobis.org/obiscanada/resource?r=dfo_que_bcn_co&amp;v=1.3	181
10.15468/svr5r8	31c8db7d-098d-4339-a77b-901865139f1c	DFO Zoobenthos data from upper Frobisher Bay, 1967 to 1973	Wacasey J (2013): DFO Zoobenthos data from upper Frobisher Bay, 1967 to 1973. v4.4. Fisheries and Oceans Canada. Dataset/Occurrence. http://iobis.org/mapper/?resource_id=2669	176
10.15468/wveict	d888b684-3c55-44cd-b7d1-253d8cad1ca7	Zooplankton Bering Strait Tiglax 1991	Conservation of Arctic Flora and Fauna: Zooplankton Bering Strait Tiglax 1991 https://doi.org/10.15468/wveict accessed via GBIF.org on 2021-12-08.	167
10.15468/dfrwoh	16b0aa56-90aa-436c-bfe8-b5af83f84575	Biodiversity Research and Teaching Collections - TCWC Marine Invertebrates	Prestridge H (2016). Biodiversity Research and Teaching Collections - TCWC Marine Invertebrates. Version 5.1. Texas A&M University Biodiversity Research and Teaching Collections. Occurrence Dataset https://doi.org/10.15468/dfrwoh accessed via GBIF.org on 2017-05-31.	166
10.15468/b7htot	b8ed9b7c-5b73-4e6d-a6e1-b0911a09f947	Oregon State Ichthyology Collection	Oregon State Ichthyology Collection	165
10.15468/8mjsel	eccf4b09-f0c8-462d-a48c-41a7ce36815a	UF FLMNH Ichthyology		160
10.15468/7wd1vk	b5cdf587-3342-48ec-9130-ba1281d7166f	The cnidarians collection (IK) of the Muséum national d'Histoire naturelle (MNHN - Paris)		158
10.15468/mgjasg	8f79c802-a58c-447f-99aa-1d6a0790825a	KUBI Ichthyology Collection		156
10.15468/zg7nf7	85cecc78-f491-4443-bc13-10be7a5dcd32	Inventaire des invertébrés marins benthiques et des algues de la Guadeloupe : expédition Karubenthos 2012-Expédition Karubenthos 2012 : inventaire des Algues de la Guadeloupe		154
10.15468/5kjxva	8c4a90b5-09e1-49a1-ab4b-5fcda56c66c9	DFO Quebec Region Magdalen Islands Sea Scallop Survey 2021-2022	Belley, R, Boulanger M-P, Roy V, Sean A-S, Nozères C (2023). DFO Quebec Region Magdalen Islands Sea Scallop Survey 2021-2022. Version 1.0. Fisheries and Oceans Canada. Samplingevent dataset. https://ipt.iobis.org/obiscanada/resource?r=dfo_que_idm_pmi21&amp;v=1.0	153
10.48689/736c4721-db8e-4116-a5f8-d9084126b135	b54a9760-1077-43ae-b22a-857dd0c89e97	Harmful Algae in the Strait of Georgia, 2015-2023	Esenkulova S, Salinas Ruiz P (2024). Harmful algae in the Strait of Georgia, 2015-2023 (Geographic Metadata). Pacific Salmon Foundation. Samplingevent dataset. https://ipt.iobis.org/obiscanada/resource?r=harmfulalgae_straitofgeorgia_2015-2023_event&amp;v=1.0	153
10.15468/gdcbfe	994a7d7c-a974-46fa-9240-1c2a8393dbc8	Inventario de larvas de peces en la región sur del Golfo de California (GAP 81, 85 y 86) y en el Pacífico Tropical Mexicano (GAP 88-91)		144
10.15468/1y4zzb	868b5ca1-bb27-4d6f-b243-37ad77486a68	The Ecology of the Inshore Marine Zooplankton of the Chukchi Sea near Point Barrow, Alaska	Citation_Information:Originator: Douglas R. Redburn Publication_Date: 19740500 Title:The Ecology of the Inshore Marine Zooplankton of the Chukchi Sea near Point Barrow, Alaska Geospatial_Data_Presentation_Form: document https://doi.org/10.15468/1y4zzb accessed via GBIF.org on 2021-12-08.	143
10.15468/6r33qv	f6612473-7914-461b-aed6-b14990d63e9a	Inventaire des invertébrés marins benthiques et des algues de la Guadeloupe : expédition Karubenthos 2012-Expédition Karubenthos 2012 : inventaire des Echinodermes de la Guadeloupe		143
10.15468/gafyvt	7db53ec6-1fba-4f45-82f9-4cfb5381a676	CardObs : Observations naturalistes issues de l'outil CardObs - Données naturalistes de JOURDAN Toni		140
10.15468/uxpj1o	a2254f58-8bbf-41e6-ac4e-03d1683e0ce5	MSB Fish Collection (Arctos)	Division of Fishes, Museum of Southwestern Biology (MSB)	138
10.15468/b3huws	8507dbf0-f762-11e1-a439-00145eb45e9a	CNCR/Colección Nacional de Crustaceos	UNIBIO, IBUNAM. CNCR/Colección Nacional de Crustaceos. Occurrence Dataset https://doi.org/10.15468/b3huws accessed via GBIF.org on 2018-03-06.	134
10.15468/tp2nxo	b568aebb-b2c8-4dd2-8a59-ab74d50f8640	The echinoderm collection (IE) of the Muséum national d'Histoire naturelle (MNHN - Paris)		130
10.15468/kvr5bz	8c30ff06-3b02-4f53-8f02-a0f6de1f7e71	Ichthyology Collection, University Museum Bergen, University of Bergen	University Museum Bergen, Dep. of Natural History, Straube N (2024). Ichthyology Collection, University Museum Bergen, University of Bergen. Version 1.0. University of Bergen. Occurrence dataset. https://ipt.gbif.no/resource?r=fish_collection_uib&amp;v=1.0	129
10.15468/rwngtl	7f915a0c-f762-11e1-a439-00145eb45e9a	Cnidarios, poliquetos, crustáceos (decápodos) y quetognatos pelágicos del Golfo de California		123
10.15468/4zmbrd	19f9e020-221e-4fac-b2af-458fbe4bff91	Coral Reef Evaluation and Monitoring Project Dry Tortugas 2003		113
10.15468/mu56cq	975a94f8-e567-4b9a-b32b-984fbf33595c	Coral Reef Evaluation and Monitoring Project Dry Tortugas 2001		110
10.15468/myb4py	a75ff355-1278-4eb3-aec2-4bc71130fdbe	Coral Reef Evaluation and Monitoring Project Dry Tortugas 1999		109
10.15468/gzp6z3	55a6d292-5141-40d3-89b1-d13959a1c998	Colección Regional de Equinodermos de la Peninsula de Yucatan		107
10.15468/hjvym4	5b5af180-599c-44e7-bd3b-6f5d53bbb55d	Coral Reef Evaluation and Monitoring Project Dry Tortugas 2002		107
10.25607/iwvftg	9fcd8de5-a2b6-4c72-b863-debe63ee3a72	DFO Pacific Groundfish Synoptic Trawl Surveys - West Coast Haida Gwaii	Cornthwaite M (2023). DFO Pacific Groundfish Synoptic Trawl Surveys - West Coast Haida Gwaii. Version 2.0. Fisheries and Oceans Canada. Samplingevent dataset. https://doi.org/10.25607/iwvftg	106
10.15468/mb3j2n	1f214c81-1fbf-4aca-bf3a-d1fbbe10b710	Coral Reef Evaluation and Monitoring Project Dry Tortugas 2000		103
10.15468/6q5vuc	005eb8d8-ed94-41be-89cf-e3115a9058e4	Field Museum of Natural History (Zoology) Invertebrate Collection		102
10.15470/qlqqdx	1d743188-1e65-4d99-a814-fa3fd51f1490	Marine Biological Reference Collections: CBMR-General (ICM-CSIC)	Guerrero E, Abelló P, Lombarte A, Villanueva R, Ramón M, Sabatés A, Santos R (2025). Marine Biological Reference Collections: CBMR-General (ICM-CSIC). Version 1.32. Institut de Ciències del Mar (CSIC). Occurrence dataset. https://doi.org/10.15470/qlqqdx	95
10.15468/k4u4mx	a4a3e9d4-c6f5-4fec-93dd-33206b2cc4d2	Macroalgae from eight reefs in the Campeche Bank, collected by the National Autonomous University of Mexico (UNAM)		91
10.15468/9yjkmw	80cc6506-f762-11e1-a439-00145eb45e9a	Inventario de la biota terrestre (florístico) y marina (invertebrados, peces y macroalgas bentónicos) del parque nacional Isla Isabel (Algasinvertebrados)		87
10.15468/mbfezn	d97d8a15-3b12-4519-92bf-e4cf9e764514	Arctic Marine Fish Museum Specimens	Mecklenburg, C. W., T. A. Mecklenburg, B. A. Sheiko, and N. V. Chernova. 4 July 2006. Arctic marine fish museum specimens. Database submitted to ArcOD, Institute of Marine Science, University of Alaska Fairbanks https://doi.org/10.15468/mbfezn accessed via GBIF.org on 2021-12-08.	85
10.15468/siwfbp	e95df14f-f7e2-48f2-8053-101f208ad8eb	Diversidad taxonómica de las larvas de peces de Bahía Magdalena y zona nerítica adyacente (área prioritaria costera No. 4)		85
10.15468/9wpc6o	129704b4-762b-4f0c-8eab-ef3f8aedd478	Computarización de la Colección Nacional de Crustáceos del Instituto de Biología, UNAM y elaboración de su catálogo		83
10.5066/f74f1p6p	3c89212d-104e-43ef-913a-bc71592551ff	Phytoplankton Species Composition, Abundance and Cell Size in San Francisco Bay: Microscopic Analyses of USGS Samples Collected 1992-2014	Cloern J, Benson A (2017). Phytoplankton Species Composition, Abundance and Cell Size in San Francisco Bay: Microscopic Analyses of USGS Samples Collected 1992-2014. United States Geological Survey. Sampling event dataset https://doi.org/10.5066/f74f1p6p accessed via GBIF.org on 2020-06-16.	83
10.15468/m5zptt	2fef5fcc-9eb5-4967-9604-2b1e80e9b9ec	Surfactant-associated bacteria in the near-surface layer of the ocean	MGnify (2019). Surfactant-associated bacteria in the near-surface layer of the ocean. Sampling event dataset https://doi.org/10.15468/m5zptt accessed via GBIF.org on 2025-09-23.	79
10.15468/txdpn5	808ddbce-f762-11e1-a439-00145eb45e9a	Distribución e inventario de algunas especies bentónicas (hexacorales, octocorales, esponjas, y especies misceláneas) en arrecifes del Caribe mexicano		79
10.15468/0lkr3w	854e35e6-f762-11e1-a439-00145eb45e9a	Invertebrate Zoology Division, Yale Peabody Museum		75
10.15468/7seoi4	dffe30bd-5871-4044-b5fe-d20fee674573	Collection of symbiotic copepods associated with Caribbean invertebrates	Korzhavina O, Hoeksema B, Armenteros M, Rodríguez García P, Garcia-Hernandez J, Ivanenko V (2021). Collection of symbiotic copepods associated with Caribbean invertebrates. Version 1.18. Lomonosov Moscow State University. Occurrence dataset https://doi.org/10.15468/7seoi4 accessed via GBIF.org on 2024-02-08.	75
10.15468/fjh2gg	dd1279b0-11cc-4ad2-9872-9d65522cdb08	Morfología funcional de mantos de rodolitos en el golfo de California, México		72
10.15468/jkcwlp	245a4d83-b1a6-4b34-8d19-858dccba0f33	Inventaire des invertébrés marins benthiques et des algues de la Guadeloupe : expédition Karubenthos 2012-Expédition Karubenthos 2012 : données issues des publications		71
10.15468/kpb05k	4655f1f3-60a5-4346-a343-84f5836a4585	Auburn University Museum of Natural History Invertebrates	Delekta E (2025). Auburn University Museum of Natural History Invertebrates. Version 1.12. Auburn University Museum. Occurrence dataset. https://ipt.idigbio.org/resource?r=aum-inverts&v=1.12	71
10.15468/xkt6kt	a204e694-be91-47b9-9ddd-0f63784e9626	University of California Santa Barbara Algae Collection		71
10.15468/wqhj5t	0fdfae9b-bd2f-421f-b532-aee19fd7bfad	DNA Barcoding of Decapods in Northeast Pacific, Canadian Arctic and Northwest Atlantic (BOLD project DDAO)	Marcil C, de Carufel V, Nozeres C, Roy V (2025). DNA Barcoding of Decapods in Northeast Pacific, Canadian Arctic and Northwest Atlantic (BOLD project DDAO). Version 1.0. Fisheries and Oceans Canada. Samplingevent dataset. https://ipt.iobis.org/obiscanada/resource?r=ddao&amp;v=1.0	66
10.5519/qd.cv5d8yso	7e380070-f762-11e1-a439-00145eb45e9a	Natural History Museum (London) Collection Specimens	Natural History Museum (2025). Data Portal query on 1 resources created at 2025-10-10 10:00:09.790497 PID https://doi.org/10.5519/qd.cv5d8yso	63
10.15468/wzmgns	9254107a-b15f-42cd-9287-7adce4b4e42d	Adenda a la colección de referencia de invertebrados de la Estación Mazatlán, UNAM y análisis de la fauna de crustáceos isópodos del Pacífico mexicano, julio 1996-julio 1997		63
10.15468/yjkyrl	bfc6a410-40e8-4e9f-aa62-37ecd7d8430b	Estado de salud y estatus de conservación de la(s) población(es) de totoaba (Totoaba macdonaldi) en el Golfo de California: una especie en peligro de extinción		63
10.15468/hfp6yh	17f76205-c629-41d8-afc6-8959f90c8ab3	Base de datos y colección de distintos grupos del zooplancton de regiones marinas prioritarias de Jalisco y Colima en el Pacífico mexicano (Crustáceos)		61
10.15468/x9ubqy	3f2248c2-d118-448f-9694-4e6c71dede0b	Canadian Museum of Nature Phycology Collection	Hamilton P (2024): Canadian Museum of Nature Phycology Collection. v1.1. Canadian Museum of Nature. Dataset/Occurrence. http://ipt.nature.ca/resource?r=cmn_phycology&v=1.1	59
10.15468/3xvxbx	7fa83dee-f762-11e1-a439-00145eb45e9a	Base de datos y colección de distintos grupos del zooplancton de regiones marinas prioritarias de Jalisco y Colima en el Pacífico mexicano (Medusas)		59
10.15468/dcpjjs	397bcffd-6e9f-4ff2-97ef-8bc2789fd9de	Fitoplancton marino frente a Baja California. 2. Áreas de surgencias de la región Ensenadense		58
10.15468/sxafim	47bfdc62-3b00-448d-989d-548c2ce848bd	Megabenthos-Epibenthos Greenland	Conservation of Arctic Flora and Fauna: Megabenthos-Epibenthos Greenland https://doi.org/10.15468/sxafim accessed via GBIF.org on 2021-12-08.	58
10.15468/deskcm	4e0c5d73-5dd6-4e90-a686-a9db9f1f6e4b	Catálogo taxonómico y biogeográfico de los radiolarios (orden Polycystina) de la región central y sur del Golfo de California		56
10.15468/8fxcsu	727b83c1-e8a7-4dd9-a9a2-4c4a9ea9636c	Computarización de la base de datos de la colección ictiológica de la Universidad Michoacana		56
10.15468/q5bvc3	7cae7091-6831-4db8-a21b-ac5b5a7b2f2b	CardObs : Observations naturalistes issues de l'outil CardObs-Jeu de données du projet Flore et Insectes du Littoral de l'Archipel des Saintes		56
10.15468/tvfpyy	467aa349-720b-44d0-93b6-0d3b2d7058f2	Inventaire entomologique standardisé des ZNIEFF et autres sites naturels de Martinique-Inventaire entomologique standardisé des ZNIEFF de Martinique, protocole utilisé à partir de 2016		55
10.15468/hkkn3k	a4305468-d94d-4244-b146-738e52d8a6e9	Actualización del conocimiento de la diversidad de especies de invertebrados marinos bentónicos de aguas someras (<50m) del Sur del Golfo de México		52
10.15468/vofary	be62fffc-d0e7-45f2-9404-d4bc4322bc57	Vulnerable marine ecosystems in the South Pacific Ocean region	NIWA (2016). Vulnerable marine ecosystems in the South Pacific Ocean region. National Institute of Water and Atmospheric Research (NIWA), Wellington, New Zealand, 202873 records, Online http://nzobisipt.niwa.co.nz/resource.do?r=vme_inverts released on February 3, 2016.	51
10.15468/u9gss2	c4d84327-4073-4b12-8657-a20673e6f05b	DFO Arctic Region Biodiversity of the Benthic Epifauna Trawl Survey from KEBABB program (2021)	Roy V (2025). DFO Arctic Region Biodiversity of the Benthic Epifauna Trawl Survey from KEBABB program (2021). Version 1.0. Fisheries and Oceans Canada. Samplingevent dataset. https://ipt.iobis.org/obiscanada/resource?r=dfo_arctic_kebabb_epifauna&v=1.0	51
10.15468/wipuhd	40a08be7-0642-4129-b12a-51d547dc2a74	CASES: The pre-winter assemblages of southeastern Beaufort Sea	Darnis, Gérald, Barber, David G., and Fortier, Louis. 2015. CASES: The pre-winter assemblages of southeastern Beaufort Sea. Version 1 In ArcOD Digital Collections. Institute of Marine Science University of Alaska, Fairbanks, AK, USA. Published by OBIS, Digital http://www.iobis.org/. Accessed on –INSERT DATE https://doi.org/10.15468/wipuhd accessed via GBIF.org on 2021-12-08.	49
10.15472/j8iyvt	42d96803-4890-44ee-b3dc-7979534de46f	Expedición Providencia I - INVEMAR	Yepes Gaurisas D (2017). Expedición Providencia I - INVEMAR. Version 2.2. Instituto de Investigaciones Marinas y Costeras - Invemar. Occurrence dataset https://doi.org/10.15472/j8iyvt accessed via GBIF.org on 2024-06-17.	48
10.15468/zsrtyb	46488f96-b51e-4c06-9a02-8c4c900f7f78	eDNA observations, concurrent with trawl survey, of marine fish in coastal New Jersey, USA 2019	Stoeckle M, Adolf J, Charlop-Powers Z, Dunton K J, Hinks G, VanMorter S M, Formel S K (2023). eDNA observations, concurrent with trawl survey, of marine fish in coastal New Jersey, USA 2019. Version 1.4. United States Geological Survey. Occurrence dataset. https://ipt-obis.gbif.us/resource?r=rockefeller_njtrawl_edna_assessment&v=1.4 https://doi.org/10.15468/zsrtyb accessed via GBIF.org on 2025-09-23.	47
10.15468/spelgc	74065585-3d70-4a56-ab96-39d664933cac	Computarización de la colección de moluscos holoplanctónicos del Golfo de California y Golfo de Tehuantepec		46
10.15468/q2sy3f	de55d6c3-248a-4f08-ba75-66dcff510f13	ZMH Ichthyology collection	ZMH Ichthyology Working Group (2024). ZMH Ichthyology collection. [Dataset]. Version: 1.0. Data Publisher: LIB Biodiversity Datacenter. https://doi.org/10.20363/zmh-coll.ichthyology-2023-10.	46
10.15468/mfxiws	833a0adc-c1f0-45a2-9970-8cf9bf171d30	Sizing Ocean Giants	McClain CR, Balk MA, Benfield MC, Branch TA, Chen C, Cosgrove J, Dove ADM, Gaskins LC, Helm R, Hochberg FG, Lee FB, Marshall A, McMurray SE, Schanche C, Stone SN, Thaler AD (2015) Data from: Sizing ocean giants: patterns of intraspecific size variation in marine megafauna. Southwestern Pacific OBIS, National Institute of Water and Atmospheric Research (NIWA), Wellington, New Zealand, 4563 records, Online http://nzobisipt.niwa.co.nz/resource.do?r=sizinggiants released on February 1, 2017.	44
10.15468/mezqik	76a3faf1-8534-4a8b-83bf-93bb6d2d12ab	Registros ictiofaunísticos de localidades selectas de 10 regiones marinas prioritarias del Pacífico Mexicano		43
10.15468/tm7whu	f58922e2-93ed-4703-ba22-12a0674d1b54	The fishes collection (IC) of the Muséum national d'Histoire naturelle (MNHN - Paris)		43
10.15468/phmoj5	f17d68da-83d0-4306-b555-cc7e6589d718	Fortalecimiento de las colecciones de ECOSUR. Primera fase (Poliquetos Chetumal)		40
10.15468/pz5w8n	8c89fedf-9b31-4b7e-9779-93fe17a56ad6	CardObs : Observations naturalistes issues de l'outil CardObs-Données naturalistes de DUMBARDON-MARTIAL eddy		39
10.15468/hrbazu	cf9db3d8-f307-4b3e-a5d8-632450237fe8	PANGAEA - Data from the Ocean Drilling Program (ODP)		38
10.15468/xum6qd	7afb6dbd-6485-42c2-aee7-c730bd81d2cd	Zooplankton Species Distribution and Abundance Data, Arctic Marine Biodiversity Observing Network (AMBON) Chukchi Sea research cruise, August 2017		37
10.15468/f2y6rd	8f00dca9-bda9-4426-8066-82c915319650	Inventario sobre la fauna sésil y flora marina en islas del Pacífico de Baja California Sur (Corales)		37
10.15468/8wmoeb	42301ebf-d36a-4e4f-a061-d37d778c2365	Tasmanian Herbarium (HO) AVH data	Tasmanian Museum and Art Gallery (2024). Tasmanian Herbarium (HO) AVH data. Occurrence dataset https://doi.org/10.15468/8wmoeb accessed via GBIF.org on 2025-10-16.	36
10.15468/48bsyj	842f0c9e-f762-11e1-a439-00145eb45e9a	Polycystine Radiolarians from the water column and the surface sediments of the World Ocean	Boltovskoy D (2015): Polycystine Radiolarians from the water column and the surface sediments of the World Ocean. v1.6. ArOBIS Centro Nacional Patagónico. Dataset/Occurrence. http://arobis.cenpat-conicet.gob.ar:8081/resource?r=arobis-radiolaria&v=1.6	36
10.15468/sn6e04	371b5b03-59a5-43d7-9393-68a725797a31	La Colección de Poliquetos (Annelida: Polychaeta) de la Facultad de Ciencias Biológicas, Universidad Autónoma de Nuevo León		35
10.15468/i7jekp	7fd1d078-f762-11e1-a439-00145eb45e9a	Actualización de la base de datos de crustáceos y registro de datos de peces del pacífico mexicano de la Colección Biológica de la Secretaría de Marina (Crustáceos)		34
10.15468/2panz4	0e12c2cc-0d0e-4300-bcc8-6492ac6eb117	Sea Ice Nematodes	Conservation of Arctic Flora and Fauna: Sea Ice Nematodes https://doi.org/10.15468/2panz4 accessed via GBIF.org on 2021-12-08.	32
10.15468/xfa0bb	3d726371-5f1b-4601-90cc-981c78710d69	Benthic Polychaeta (Annelida) from La Paz Bay and Southwestern Gulf  of California	Cuéllar-Mercado, D.M., Hernández-Alcántara, P., Solís-Weiss, V. (2019). Benthic Polychaeta from La Paz Bay and Southwestern Gulf of California.	32
10.21966/ezev-0v96	8119b8d9-d054-4fa5-8f2c-6865aea709b5	Seagrass density surveys on the Central Coast of British Columbia	Monteith Z, Olson AM, Hessing-Lewis M (2019): Seagrass density surveys on the Central Coast of British Columbia. v1.0 Hakai Institute. Dataset/Seagrass Site-level Production. https://doi.org/10.21966/ezev-0v96	32
10.15468/a2laag	e90a588b-0eed-4077-8a4f-7e61da35b3f8	UAIC Ichthyological Collection	University of Alabama Ichthyological Collection (UAIC)	31
10.15468/rstlvj	1922a4ed-6519-40e0-9afd-15f14963da55	Distribución, abundancia y hábitat de la liebre endémica Lepus flavigularis		29
10.15468/qlseki	21afc06a-f097-47bd-b85e-ff2301436101	Copepoda associated with Caribbean reef-dwelling cnidarians, echinoderms and sponges	Korzhavina O, Ivanenko V (2019). Copepoda associated with Caribbean reef-dwelling cnidarians, echinoderms and sponges. Version 1.4. Lomonosov Moscow State University. Occurrence dataset https://doi.org/10.15468/qlseki accessed via GBIF.org on 2024-02-08.	27
10.14284/521	721bc305-f41d-407b-b0e2-69ca0345e1ef	Occurrence of Eukaryotes in the size fraction >200 micrometres, collected worldwide during the Tara Oceans expedition (2009-2013) using a WPII net and analysed on a ZooScan imaging platform.	Romagnan, J.B., Jalabert, L., Olivier, M., Elineau, A., Brandao, M., Caray-Counil, L., Dimier, C., Picheral, M., Searson, S., Kandels-Lewis, S., Tara Oceans Consortium Coordinators, Karsenti, E., Pesant, S., Irisson, J.O., Lombard, F., Stemmann, L., Gorsky, G.; (2020) Occurrence of Eukaryotes in the size fraction >200 micrometres, collected worldwide during the Tara Oceans expedition (2009-2013) using a WPII net and analysed on a ZooScan imaging platform. https://dx.doi.org/10.14284/521	27
10.15468/8an7bq	8a397061-e613-46a8-bcbd-52195a7695b4	Inventario ictiofaunístico de los humedales de Puerto Morelos, Quintana Roo		27
10.15468/uqlb7n	fdf166f4-f045-476e-8b16-529b83ced33a	Peces asociados a los arrecifes coralinos del norte de Veracruz		27
10.15468/qwx4c2	d6fc4deb-e566-4802-af82-72783599dfa7	World distribution of the Tantulocarida (Crustacea)	Tabachnikova K S, Savchenko A S, Korzhavina O A (2025): World distribution of the Tantulocarida (Crustacea). v1.3. Lomonosov Moscow State University. Dataset/Occurrence. https://depo.msu.ru/ipt/resource?r=tantulocarida&v=1.3	26
10.15468/bbac62	f88bbba9-41d1-4cc8-b19f-94d50b58cada	University of North Carolina at Chapel Hill Herbarium; Max & Fran Hommersand Algae Herbarium: Algae		26
10.15468/3q4xm7	7850d90f-6fba-4240-b7ec-34ef7bebd518	Stony coral species observed in the Bajos del Norte and National Park Alacranes Reef: OCEANA Expeditions 2021	OCEANA 2021. Stony coral species observed in the Bajos del Norte and National Park Alacranes Reef: OCEANA Expeditions 2021	24
10.15468/4n22yr	e0d7dc2b-2494-449d-b1b2-9d9b717e64ee	La Planète Revisitée - Îles de Guadeloupe-La Planète revisitée Îles de Guadeloupe : reconnaissances et observations connexes		24
10.15468/3f3z42	8065b662-f762-11e1-a439-00145eb45e9a	Distribución espacio-temporal de las larvas de atunes en el Golfo de Tehuantepec, México		23
10.5281/zenodo.4563206	14997c99-f2c2-4aed-8243-833997af9c72	Porifera diversity and distribution data in the Southern Gulf of Mexico	Ugalde D., Fernandez J. C. C., Gómez P., Simões N. 2021.  Porifera diversity and distribution data in the Southern Gulf of Mexico.	21
10.17882/75270	57f4e649-28ee-499e-8f87-a4599d18f6b5	Hyperiid amphipod abundances from the California Current (24-32°N)	Lavaniegos Bertha E. (2020). Hyperiid amphipod abundances from the California Current (24-32°N). SEANOE. https://doi.org/10.17882/75270	21
10.15468/rhke3x	d0e9b7eb-29a9-4695-bb13-22585df648a5	TPWD HARC Texas Coastal Fisheries Aransas Bay Trawl		21
10.15468/yg2y7v	9f9cf852-babb-4c52-b17f-f81dbe96c527	Benthic Epifauna Biomass and Abundance Data, Arctic Marine Biodiversity Observing Network (AMBON) research cruise, August 2017		20
10.15468/w6hvhv	d6097f75-f99e-4c2a-b8a5-b0fc213ecbd0	University of California Santa Barbara Invertebrate Zoology Collection		20
10.15468/nqnxft	7ffbedb8-f762-11e1-a439-00145eb45e9a	Distribución y aspectos taxonómicos de los corales pétreos (Anthozoa: Scleractinia) del Pacífico mexicano		19
10.15468/oxikd4	e4fecf61-a790-4b0d-aaa1-6df408b57bd8	Crustáceos macrobénticos de la plataforma y talud continental del Golfo de México		19
10.15472/gdblef	1938f3c5-e377-42bd-85b8-888ac0394dea	Evaluación bioecológica y ambiental de las áreas arrecifales del Caribe colombiano	Garrido-Linares M (2017). Evaluación bioecológica y ambiental de las áreas arrecifales del Caribe colombiano. Version 2.2. Instituto de Investigaciones Marinas y Costeras - Invemar. Occurrence dataset https://doi.org/10.15472/gdblef accessed via GBIF.org on 2024-06-17.	18
10.15468/zwiguh	42a04aa8-4e0c-4855-ac71-e64972b22aad	Migración, movimiento y distribución estacional del cachalote en el Golfo de California		17
10.15468/pkhco9	74756cd8-f522-4204-ba2e-f4c659023a08	Nuevas aportaciones a la biodiversidad de esponjas marinas de México: bases para la elaboración de código de barras de ADN		17
10.15468/8pys84	be02c483-3b01-4a78-93d0-9ba41c364828	Marine macroalgae species from Hispaniola	Betancourt Fernandez L, Herrera-Moreno A (2022): Marine macroalgae species from Hispaniola. v1.3. Programa EcoMar, Inc.. Dataset/Occurrence. https://cloud.gbif.org/lac/resource?r=proecomar_hispabiota_macroalgae_1&v=1.3	17
10.15468/uadgyw	f2ec825d-145a-42fd-9bfe-a411a557bc47	Invertebrates (Type Specimens) of the Swedish Museum of Natural History	Stöhr S (2024). Invertebrates (Type Specimens) of the Swedish Museum of Natural History. Version 2.5. Swedish Museum of Natural History. Occurrence dataset. https://www.gbif.se/ipt/resource?r=nrm-invertebrate-type&v=2.5	17
10.15468/9ybaga	a77a3c1f-50e8-4426-b48b-76ed2b9ab521	Nereididae (Annelida: Polychaeta) de México		16
10.15468/8azywv	ee6be9b3-f850-4a0b-bddc-73c13a078e52	Inventario de algas, corales pétreos, moluscos, crustáceos decápodos, equinodermos y peces de las islas de Revillagigedo, Colima, México		16
10.15468/egionz	1a7a6016-79ea-4639-8e0e-e61b3b81efc4	Inventario de la biota marina (cnidarios, poliquetos, moluscos, crustáceos, equinodermos y peces) del Santuario Islas e Islotes de Bahía Chamela, Jalisco, México		15
10.15468/kew9g5	53bfee71-d855-4bbf-a017-06db1780ddfa	Zooplankton Species Biomass and Abundance Data, Arctic Marine Biodiversity Observing Network (AMBON) Chukchi Sea research cruise on the Norseman II, 11 August - 3 September 2015		15
10.15468/o5d48z	8502ed8e-f762-11e1-a439-00145eb45e9a	CNPE/Coleccion Nacional de Peces	UNIBIO, IBUNAM. CNPE/Coleccion Nacional de Peces. Occurrence Dataset https://doi.org/10.15468/o5d48z accessed via GBIF.org on 2018-03-06.	15
10.15468/gikfm0	85685a84-f762-11e1-a439-00145eb45e9a	Algaterra Types	Jahn, R. & Kusber, W.-H. 2002 - (continuously updated):  AlgaTerra Types - Information System on terrestrial and limnic Micro Algae.	15
10.15468/nl8bvi	c8d12f8a-7e39-4e2c-92d7-825d590ad15b	University of Michigan Herbarium	UM Herbarium Data Group, IPT Admin L (2025). University of Michigan Herbarium. Version 1.85. University of Michigan Herbarium. Occurrence dataset. https://lsa-ipt1-p.lsait.lsa.umich.edu/resource?r=umherb&v=1.85	15
10.15468/pv7vds	1aaec653-c71c-4695-9b6e-0e26214dd817	Occurrence records of southern African aquatic biodiversity	SAIAB (2016): Specimen-records of preserved specimens in the National Collection of Fishes of South Africa. v1.2. The South African Institute for Aquatic Biodiversity. Dataset/Occurrence. http://ipt.saiab.ac.za/resource?r=saiab&amp;v=1.2	13
10.15468/yva1ar	240e848b-47bc-40a3-a44c-6e745901d2d0	CardObs : Observations naturalistes issues de l'outil CardObs-Données naturalistes de Vincent Prié		13
10.15468/mn3n3q	4b563837-08f8-4952-93b8-5d786a3e20d7	CardObs : Observations naturalistes issues de l'outil CardObs-Données naturalistes de URTIZBÉRÉA Frank		13
10.6073/pasta/11e3a827670392047a08155cb6128a76	5b9ab356-ba06-49d9-9ba6-c7d04972414a	Harmful algal bloom monitoring data near Frenchman Bay from 2004-2022		13
10.15468/r8u9u5	7cd626e9-67b8-41b5-8bd1-64a4db7914e4	CardObs : Observations naturalistes issues de l'outil CardObs-Saint-Barthélemy - Données d'observations entomologiques diverses		13
10.15468/stpl20	8f6d3a0d-10d2-44e3-8612-be219376c860	CERMES Barbados Lionfish Sightings 2012	CERMES. 2012. 2012 Barbados Lionfish Sightings. Centre for Resource Management and Environmental Studies, University of the West Indies, Cave Hill Campus, Cave Hill, Barbados.	13
10.14284/522	18d36c54-2864-49c5-a3f2-f6f52c4383ab	Occurrence of Eukaryotes in the size fraction >680 micrometres, collected worldwide during the Tara Oceans expedition (2009-2013) using a Régent net and analysed on a ZooScan imaging platform	Romagnan, J.B., Jalabert, L., Brandao, M., Caray-Counil, L., Dimier, C., Picheral, M., Searson, S., Kandels-Lewis, S., Tara Oceans Consortium Coordinators, Karsenti, E., Pesant, s., Irisson, J.O., Lombard, F., Stemmann, L., Gorsky, G.; (2020) Occurrence of Eukaryotes in the size fraction >680 micrometres, collected worldwide during the Tara Oceans expedition (2009-2013) using a Régent net and analysed on a ZooScan imaging platform. https://dx.doi.org/10.14284/522	12
10.15468/f04r0g	4ec633b0-8b1f-405e-86cf-7f782a3ced53	Fortalecimiento de las colecciones de ECOSUR. Primera fase (Peces Chetumal)		12
10.15468/nyg3hb	da2f43fd-ac8c-424b-bc98-273573b0b7e3	Actualización de bases de datos de invertebrados (Rotifera, Cladocera y Copepoda) y peces		12
10.15468/z4u84w	ec12f461-df32-4c8a-b621-0abd1f6cdab3	Alabama Museum of Natural History Invertebrate Zoology (Arctos)	Alabama Museum of Natural History Invertebrate Zoology Collection https://arctos.database.museum/collection/ALMNH:Inv	12
10.15468/ypdvp9	861d3d64-f762-11e1-a439-00145eb45e9a	Vertebrate Zoology Division - Herpetology, Yale Peabody Museum		11
10.15468/gq5ghl	b84099fa-99ac-4e11-a8da-d09add544131	TPWD HARC Texas Coastal Fisheries Matagorda Bay Gill Net		11
10.15468/qmckjq	0f6d26c0-c645-4f15-b1c9-fbcb77515545	University of Miami, Voss Marine Invertebrate Collections		10
10.15468/4lvyqe	5eae3213-f054-4ddc-a6c8-3fa494b17907	Coral Reef Monitoring in the OECS and Tobago, 2007-2009	Creary Ford M, M. Archibald, G. Brown, D. Chin, J. Defoe, P. Gayle, J. Gomez, L. Grant, S. Green, D. Henry, C. Issac, L. Jones-Smith, I. Kenny, L. Laurence, J. Mitchell, S. Nimrod, H. Prospere, N. Sang, B. Simon, H. Small, O. Spence, S. Steele, C. Stoute, D. Theophile, A. Titus, L. Wilkins, P. Wilson-Kelly, K. Wulf  (2018): Coral Reef Monitoring in the OECS and Tobago, 2007-2009. v1.1. Caribbean Coastal Data Centre, Centre for Marine Sciences. Dataset/Samplingevent. https://cloud.gbif.org/bid/resource?r=macc_coral_monitoring&amp;v=1.1	10
10.15468/msp4n8	be8f0b51-2030-4402-80e9-01095875de64	Global diversity and distributions of symbiotic copepod crustaceans living on octocorallians	Grishina D, Korzhavina O, Ivanenko V (2023). Global diversity and distributions of symbiotic copepod crustaceans living on octocorallians. Version 1.6. Lomonosov Moscow State University. Occurrence dataset https://doi.org/10.15468/msp4n8 accessed via GBIF.org on 2024-02-08.	10
10.15468/qrlt8o	c9cd9370-f5f1-455a-b001-23324a46e034	Computarización de la colección de Salpas (Clase Thaliacea, Orden Salpida) del Pacífico mexicano y mar Caribe mexicano		9
10.15468/ky1oeo	dd1c0ad1-ad9b-49c3-8783-aa5c9b66e75d	Catálogo de las especies de crustáceos anfípodos invasores del Parque Nacional Sistema Arrecifal Veracruzano (PNSAV) y la actualización de la base de datos (CONABIO) de los anfípodos en México		9
10.15468/tst38j	a7910107-b902-401c-989a-3b4e70c9070d	CardObs : Observations naturalistes issues de l'outil CardObs-Observations naturalistes et collection entomologique de Julien TOUROULT		8
10.15468/jbqjuj	0bdd96e2-4ff0-43da-a352-6a8d075b7dc3	JNCC Marine Mammal Survey - Powered by Anecdata.org	Schoodic Ferry, Anecdata.org Contributors, Disney J, Bailey C, Taylor A, Garretson A (2022). JNCC Marine Mammal Survey - Powered by Anecdata.org. The Community Environmental Health Laboratory at MDI Biological Laboratory. Occurrence dataset https://doi.org/10.15468/jbqjuj accessed via GBIF.org on 2023-03-01.	7
10.15468/jq3p9g	3cda7dfc-402a-42c8-83ce-486ab174fb1a	Cold water corals	Rogers, A. and J. Hall-Spencer. Cold-water Corals. UNEP World Conservation Monitoring Centre (UNEP-WCMC), 2005, Version 2.0.	7
10.15468/33gbta	b74221c9-0049-46d6-9991-3784bda150e5	Colección del Phylum Echinodermata (Clase Asteroidea) del Museo de Zoología de la Universidad de Concepción UCCC_MZUC_EQU	Beltrán Echeverría F, Soto Bravo V, Días Lorca A, Martínez Salinas A, Merino Yunnissi C, Cuevas Cerda C S, Tavera Martínez L (2025). Colección del Phylum Echinodermata (Clase Asteroidea) del Museo de Zoología de la Universidad de Concepción UCCC_MZUC_EQU. Version 1.0. Museo de Zoología de la Universidad de Concepción (MZUC-UCCC). Occurrence dataset. https://ipt.iobis.org/esp-obis/resource?r=clase_asteroidea&v=1.0	7
10.15468/cthncb	d18935d7-260c-4633-af39-7eb7ee6f1e14	Bibliographie de la faune, la flore et la fonge de France métropolitaine et outre-mer-Bibliographique de la faune, la flore et la fonge de France métropolitaine et outre-mer		7
10.15468/j9jnvg	e82092b5-e2b0-4db8-8cca-22e11272af6b	Rocky Mountain Biological Laboratory		7
10.15468/wzj88p	f01d2ec4-2342-42d1-a227-da1250c8d5c3	CardObs : Observations naturalistes issues de l'outil CardObs-PHASMES-ANT		7
10.15468/nbst5b	261f3489-e820-40d0-8245-094aede04672	Inventario de ofiuroideos del Pacífico mexicano		6
10.15468/xepzit	29d08590-2654-41b3-adcc-eb1ada09d7a0	Données de l'Observatoire de Cétacés de la Martinique (OCETAM) - Observations cétacés Martinique 2013/2014		6
10.15468/s285rs	2aa93f23-0ee9-4a20-997c-6a00bd216cd2	CardObs : Observations naturalistes issues de l'outil CardObs-Données naturalistes de KOELSCH  Daniel		6
10.15468/rsljus	4c3b15bd-c98f-448c-9556-810fd82e8e30	University of Georgia Collection of Arthropods		6
10.15468/rhzrxw	4ce8e3f9-2546-4af1-b28d-e2eadf05dfd4	National Herbarium of Victoria (MEL) AVH data	Royal Botanic Gardens Victoria (2025). National Herbarium of Victoria (MEL) AVH data. Occurrence dataset https://doi.org/10.15468/rhzrxw accessed via GBIF.org on 2025-10-16.	6
10.15468/5mcca2	52bc4b5d-8446-4c65-accc-0639ed3990a6	Monitoring bay-scale bivalve aquaculture ecosystem interactions using flow cytometry	Sharpe H, Lacoursière-Roussel A, Barrell J (2024). Monitoring bay-scale bivalve aquaculture ecosystem interactions using flow cytometry. Version 1.2. Fisheries and Oceans Canada. Samplingevent dataset. https://ipt.iobis.org/obiscanada/resource?r=monitoring_bay-scale_bivalve_aquaculture_ecosystem_interactions_using_flow_cytometry&v=1.2	6
10.15468/c2t5cg	62e64650-180c-4015-be50-60373908a17b	Coral reef-associated fauna in the Bajos del Norte and National Park Alacranes Reef: OCEANA Expedition 2021		6
10.15468/upfpik	7fbf4372-f762-11e1-a439-00145eb45e9a	Inventario y monitoreo del Canal de Infiernillo para el comanejo de los recursos marinos en el territorio Seri, Golfo de California		6
10.15468/qj5ysi	b902eee0-ecf4-4269-8af0-0e67d753b89a	TPWD HARC Texas Coastal Fisheries Sabine Lake Bay Trawl	Gonzalez L, Benson A (2017). TPWD HARC Texas Coastal Fisheries Sabine Lake Bay Trawl. Version 2.2. United States Geological Survey. Occurrence dataset https://doi.org/10.15468/qj5ysi accessed via GBIF.org on 2020-06-16.	6
10.15468/ok8qvz	1edd3c3f-cfd7-4fd5-bfba-2c67737a17ba	University of Tennessee Vascular Herbarium		5
10.15468/heu2gx	7898cf5f-11e4-404c-87d2-1d5e3b3e0a18	Global diversity and distributions of symbiotic copepod crustaceans living on hexacorallians	Korzhavina O, Ivanenko V (2021). Global diversity and distributions of symbiotic copepod crustaceans living on hexacorallians. Version 1.7. Lomonosov Moscow State University. Occurrence dataset https://doi.org/10.15468/heu2gx accessed via GBIF.org on 2024-02-08.	5
10.15468/qziy3w	830eb5d0-f762-11e1-a439-00145eb45e9a	UWBM Mammalogy Collection (Arctos)	University of Washington Burke Museum Mammalogy Collection	5
10.15468/7tjgvi	85ee162a-190a-43a7-b554-00af46bca726	Estimación de la diversidad de Copepoda en el área de Bahía Magdalena, Baja California Sur		5
10.15468/36z39h	e5cb387c-7d75-4485-bb44-a45a7584e85f	Isotope data from Shimada 2018 research expedition	Demopoulos A, Prouty N, McClain Counts J, Richards K (2024). Isotope data from Shimada 2018 research expedition. Version 1.9. United States Geological Survey. Occurrence dataset. https://ipt-obis.gbif.us/resource?r=isotope_data_shimada_2018&v=1.9	5
10.15468/bufk72	0923383b-1fc2-4900-a0eb-4e712d5a65d8	Copépodos pelágicos del Pacífico norte mexicano		4
10.15468/rq7cpe	7fbe057a-f762-11e1-a439-00145eb45e9a	Aportación al conocimiento de la fauna de Ascidias del litoral Pacífico de México		4
10.15468/ipinim	87dbda50-7d25-47e9-a7df-e4d4951fe9e6	American Museum of Natural History (AMNH) Cnidaria Collection	Johnson C, Rodriguez E, Berniker L, Lee D, Davis A, Stenzel J, Zurita N, Chang K, Lopez-Guzman M (2025). American Museum of Natural History (AMNH) Cnidaria Collection. Version 1.11. American Museum of Natural History. Occurrence dataset. https://ipt.amnh.org/resource?r=cnidaria&v=1.11	4
10.15468/cxtwpn	a5a30dd3-a1ac-48cf-a3ee-c087d11987c3	ZMH Annelida collection	ZMH Annelida Working Group (2025). ZMH Annelida collection. [Dataset]. Version: 1.0. Data Publisher: LIB Biodiversity Datacenter. https://doi.org/10.20363/zmh-coll.annelida-2024-11.	4
10.15468/lotsye	a79c2b50-6c8a-11de-8226-b8a03c50a862	Queensland Museum provider for OZCAM	Queensland Museum (2025). Queensland Museum provider for OZCAM. Occurrence dataset https://doi.org/10.15468/lotsye accessed via GBIF.org on 2025-10-16.	4
10.15468/ydstlj	f4ecc84b-b746-48b2-81d7-119c35fa7cda	Fortalecimiento de las colecciones de ECOSUR. Primera fase (Corales Chetumal)		4
10.15468/p2dsmy	0bd3b4df-c331-4f1d-9596-ae5c55309d6a	Crustacean copepods associated with Crinoidea (Echinodermata) of the World	Korzhavina O, Ivanenko V (2023). Crustacean copepods associated with Crinoidea (Echinodermata) of the World. Version 1.2. Lomonosov Moscow State University. Occurrence dataset https://doi.org/10.15468/p2dsmy accessed via GBIF.org on 2024-02-08.	3
10.15468/k0aett	323b0e80-5e4b-4cc4-936a-d93fc8cae9bc	C.P. Gillette Museum of Arthropod Diversity		3
10.15468/lp1ctu	39905320-6c8a-11de-8226-b8a03c50a862	Museums Victoria provider for OZCAM	Museums Victoria, http://museumvictoria.com.au/	3
10.15468/2qekmh	62df6800-27f8-4f7a-bd8f-5ff82893b841	SCAR Biogeographic Atlas of the Southern Ocean - Tanaidacea - Data	Blazewicz-Paszkowycz M (2023). SCAR Biogeographic Atlas of the Southern Ocean - Tanaidacea - Data. Version 1.3. SCAR - AntOBIS. Occurrence dataset. https://ipt.biodiversity.aq/resource?r=baso_crustacea_tanaidacea&v=1.3	3
10.15468/g574de	6ffc2e14-1d9e-4bdd-b60d-f83be7500605	Distribution of deep-sea sponges in the North Atlantic - Data from the SponGES project	Davies, A.; (2021): Distribution of deep-sea sponges in the North Atlantic - Data from the SponGES project	3
10.15468/idwd3s	7fb6f7a8-f762-11e1-a439-00145eb45e9a	Riqueza específica y biogeografía de los corales hermatípicos de la sección sur del Golfo de California y las Islas Revillagigedo		3
10.15468/izplas	7fc94f48-f762-11e1-a439-00145eb45e9a	Biodiversidad de moluscos opistobranquios (Mollusca: Opisthobranchiata), del Pacífico mexicano: Isla Cedros-Vizcaíno		3
10.15468/uac6f5	b386b65a-2738-4f02-a6f5-160b6b26a345	CardObs : Observations naturalistes issues de l'outil CardObs-Inventaire de l'entomofaune de Petite Terre (2021-2022)		3
10.15468/ne6366	dc9dc0fe-517f-460f-a649-eae2340ba108	Global distribution of marine forests [literature records]		3
10.15468/b7tfpa	e5d9d04e-ffd1-4395-9b10-76034f0c619c	Deaver Herbarium (Northern Arizona University)		3
10.15468/2coelq	ea8469bb-918a-4a15-9448-5509e36d229a	Halophila stipulacea in the Caribbean Sea	Paz C, Klein E (2015): Halophila stipulacea in the Caribbean Sea. v1.5. Caribbean OBIS Node. Dataset/Occurrence. http://ipt.iobis.org/caribbeanobis/resource?r=h_stipulacea&v=1.5	3
10.15468/zkszwa	ed6ad1bd-cdfd-4147-ad22-5ad2a2fcedba	University of South Carolina, A. C. Moore Herbarium Algae Collection		3
10.15468/4rfubm	07ae2aa8-5031-4312-b26e-84a5c753daac	Carnegie Museum of Natural History - Mollusks		2
10.15468/qx4xhp	34135c23-a595-43bc-b3f0-a08a4748d861	Global diversity and distributions of symbiotic copepod crustaceans living on echinoderms	Korzhavina O, Ivanenko V (2020). Global diversity and distributions of symbiotic copepod crustaceans living on echinoderms. Lomonosov Moscow State University. Occurrence dataset https://doi.org/10.15468/qx4xhp accessed via GBIF.org on 2024-02-08.	2
10.15468/6qgswo	4d0b1b2a-3209-49ce-bb93-7503e4868019	NIWA Invertebrate Collection	NIWA (2018): NIWA Invertebrate Collection. v1.1. The National Institute of Water and Atmospheric Research (NIWA). Dataset/Occurrence. https://nzobisipt.niwa.co.nz/resource?r=obisspecify&amp;v=1.1	2
10.15468/8oxxmx	7f4ed916-f762-11e1-a439-00145eb45e9a	NHMD Phycology Herbarium	Lundholm N, Lange C (2024). NHMD Phycology Herbarium. Version 1.6. Natural History Museum of Denmark. Occurrence dataset. https://ipt.danbif.dk/resource?r=nhmd_phycology_herbarium&v=1.6	2
10.15468/dbw4e9	a802a258-7307-42da-bb9a-1b1ca1757a4f	Colección de Macroalgas e Hierbas Marinas del Centro de Investigaciones de Biología Marina Idelisa Bonnelly de Calventi (CIBIMA IBC - UASD)		2
10.15468/uxdjfy	a85eacac-e1a1-46d9-9217-a56140360c57	Búsqueda de poblaciones de la liebre endémica Lepus flavigularis		2
10.15468/6d6bbw	b4fd830d-1d53-4658-8882-553d4db28f51	LAGPLON Système d'information de la biodiversité marine des récifs et lagons - IRD TROPIC Macroalgue Udotae		2
10.15468/s6ctus	b929f23d-290f-4e85-8f17-764c55b3b284	Bernice P. Bishop Museum	Pyle R (2016). Bernice P. Bishop Museum. Version 8.1. Bernice Pauahi Bishop Museum. Occurrence Dataset https://doi.org/10.15468/s6ctus accessed via GBIF.org on 2017-05-31.	2
10.15468/zsgiog	e42c4be9-dc6d-466b-8df2-60ac8c47fadd	University of Vermont, Pringle Herbarium		2
10.15468/k8pctf	e481c1a2-9182-4e45-a960-7acea13796df	Poliquetos litorales de la región norte y centro del estado de Veracruz		2
10.15468/mzbw85	01bc220b-39b8-4837-b235-f921187af771	James Cook University Herbarium (JCT) AVH data	James Cook University (2025). James Cook University Herbarium (JCT) AVH data. Occurrence dataset https://doi.org/10.15468/mzbw85 accessed via GBIF.org on 2025-10-16.	1
10.15468/da30il	032f1fbe-d21f-407d-be46-5cd1bb1ea397	University of Tennessee Fungal Herbarium		1
10.15468/n28d2r	12db9486-3bb3-4113-aaa2-8554ec92810c	Inventario florístico de Tetipac y sus alrededores (Sierra de Taxco)		1
10.15468/v5rjxq	18a1c6ab-183c-4989-88f5-f81505d04f11	Columbia-Greene Community College Natural History Museum Bryophyte Herbarium		1
10.15468/pypq8d	18c93d12-34fb-4d3f-903c-b77215a1dcc9	Australian National Fish Collection (ANFC)	Graham A (2023): Australian National Fish Collection (ANFC). v1.19. CSIRO National Collections and Marine Infrastructure (NCMI) Information and Data Centre (IDC). Dataset/Occurrence. https://www.marine.csiro.au/ipt/resource?r=csiro_anfc&v=1.19	1
10.15472/icspfx	2051f55c-3afe-43f6-99c5-228853f024c4	"Familia Udoteaceae (Chlorophyta) de la colección ficológica ""Germán Bula Meyer"", de la Universidad del Magdalena"	"García Urueña R D P, Cabarcas Jiménez M P (2022). Familia Udoteaceae (Chlorophyta) de la colección ficológica ""Germán Bula Meyer"", de la Universidad del Magdalena. Version 1.1. Universidad del Magdalena. Occurrence dataset https://doi.org/10.15472/icspfx accessed via GBIF.org on 2024-06-17."	1
10.15468/06ge3w	30763955-029e-4008-86b9-c2d9c12f11ed	Actualización de la base de datos de la Colección nacional mexicana de cultivos microbianos		1
10.15468/anztjy	317fd0a9-1bcf-4e94-bc3c-a685c4693c10	Colección de Crustáceos Marinos (CRUST-IEOCD)	Muñoz I, Serrano M (2025). Colección de Crustáceos Marinos (CRUST-IEOCD). Version 1.33. Instituto Español de Oceanografía. Centro Oceanográfico de Cádiz (CSIC). Occurrence dataset. https://ipt.gbif.es/resource?r=ccde-ieocd&v=1.33	1
10.15468/jornbc	3633e0e7-8c25-4c3d-b9c7-078c0be25665	CUMV Fish Collection	Cornell University Museum of Vertebrates, Fish Collection	1
10.15468/g5ykee	3f26f7da-27ff-4a74-aa8f-7357234a790f	Mollusca Collection - Museu Nacional/UFRJ	Pimenta A (2024). Mollusca Collection - Museu Nacional/UFRJ. Version 1.10. Museu Nacional / UFRJ. Occurrence dataset. https://ipt.sibbr.gov.br/mnrj/resource?r=mnrj_mollusca&v=1.10	1
10.15468/n9vogi	4b6f0569-9925-4a42-84a0-7d4ff5d13593	The tunicates collection (IT) of the Muséum national d'Histoire naturelle (MNHN - Paris)		1
10.1111/j.1095-8649.2010.02716.x	5bdda925-9237-40ef-ab40-a39a226352e4	Records of Halieutichthys aculeatus complex (Ogcocephalidae, Lophiiformes)	Ho H, Liu J (2022). Records of Halieutichthys aculeatus complex (Ogcocephalidae, Lophiiformes). Version 1.12. Ministry of Science and Techonology. Occurrence dataset https://doi.org/10.1111/j.1095-8649.2010.02716.x accessed via GBIF.org on 2022-09-06.	1
10.15468/v2fcvp	5d6c2985-c6b0-4f4a-a703-85822e238825	¿Existen especies de macroalgas o pastos marinos dentro del Golfo de California, que deban de estar consideradas dentro de la NOM (PROY-NOM-059-ECOL-2000)?		1
10.15468/kembya	675bbffd-ff44-4b8a-a1b9-d520ec9220c9	University of New Hampshire - Macroalgal Collection		1
10.15468/efw98v	70bf8d53-be76-4390-920a-300eee146141	Crustacea collection (Cru)  at UiO NHM, Oslo	Wilhelmsen Å I, Bachmann L, Rindal E (2025). Crustacea collection (Cru)  at UiO NHM, Oslo. Version 1.8. University of Oslo. Occurrence dataset. https://ipt.gbif.no/resource?r=crustacea_nhm&v=1.8	1
10.15468/25w7sn	7b4ddcab-3bb1-4c28-a805-b166a550410c	Computarización sistemática de los bivalvos y gasterópodos de la sección húmeda de la Colección Malacológica Dr Antonio García-Cubas		1
10.15468/zb2odl	7c95ae39-b477-4863-8dda-2d74dc48b067	Computarización de la Colección Nacional de Peces del Instituto de Biología UNAM		1
10.15468/jwv0q3	7fe1bc0e-f762-11e1-a439-00145eb45e9a	Genética y taxonomía de los robalos (Centropomus spp) del golfo de California, México		1
10.15468/9uut5l	8016518a-f762-11e1-a439-00145eb45e9a	Digitalización y Sistematización de las Colecciones Biológicas Nacionales del Instituto de Biología, UNAM (Plantas vasculares)		1
10.15468/8bcbag	801a0276-f762-11e1-a439-00145eb45e9a	Bases de datos de Tanaidaceos (Crustacea: Peracarida) del Mar Caribe mexicano y Poliquetos pelágicos del Golfo de México y Mar Caribe mexicano (Tanaidaceos)		1
10.15468/mulf9q	803e8402-f762-11e1-a439-00145eb45e9a	Contribución a la riqueza ictiofaunística de la Reserva de Ría Lagartos, Yucatán		1
10.15468/gpevkb	807fcbc4-f762-11e1-a439-00145eb45e9a	Establecimiento de la colección de levaduras marinas de México		1
10.15468/zxjkdk	82f7dfc8-d4a7-449a-8aa0-3490946b58c0	Birds and Marine Mammals in Frenchman Bay - Powered by Anecdata.org		1
10.15468/td01p1	9a0983a1-55dc-4492-bd6c-4085a36dcddc	Biodiversidad selecta de los humedales de Laguna de Términos - Pantanos de Centla (Peces)		1
10.15468/iuhxpw	9b12d595-11ea-4128-88ea-ed378eb9ea9a	Mississippi Entomological Museum		1
10.15468/3y25yl	b2d55172-8980-4195-9632-a186edb27d5a	LOB - California State University, Long Beach Herbarium		1
10.15468/w5g8jz	b8811bf9-abcf-4600-9245-eda1017c3978	University of Nevada, Reno (UNR) Herbarium		1
10.15468/cfsk8y	bd8949d4-319c-48c2-b39b-61cf419f7073	Policládidos de la Península de Yucatán		1
10.15468/iv6y8m	c01696db-a5fe-4d3a-8b26-90760604774b	Michigan State University		1
10.15468/bed67m	cdb90879-7112-4023-b753-c74d6f39c6ce	CardObs : Observations naturalistes issues de l'outil CardObs-Données naturalistes de Benoit FONTAINE		1
10.15468/pypq8d	d51f93a6-a5b7-4025-83a9-3f7b8525755a	Australian National Fish Collection (ANFC)	Graham A (2023): Australian National Fish Collection (ANFC). v1.19. CSIRO National Collections and Marine Infrastructure (NCMI) Information and Data Centre (IDC). Dataset/Occurrence. https://www.marine.csiro.au/ipt/resource?r=csiro_anfc&v=1.19	1
10.15468/p5uq7x	d5ba665a-c07b-4379-85ff-15d7e3a9331a	USAC, CECON, Herbario USCG		1
10.15468/989tie	e40bb469-811f-4c0c-8a39-fb21994ce62e	Bell Museum algae		1
10.15468/rey7bx	f30836e6-fffa-44fb-9fa7-2b4c536e8bb9	Computarización del Herbario Ficológico de la Universidad Autónoma de Baja California Sur		1
10.15468/mypdjd	f56df26e-73f5-4d37-bfed-3d46c0834e82	OBI - Robert F. Hoover Herbarium, Cal Poly State University		1
10.15468/s55f2k	f873ef66-231a-4ea3-bd4d-a16f182bf337	Academy of Natural Sciences of Drexel University		1
